match_duration,top_kills,top_deaths,top_assists,top_gold,top_vision,top_tower_damage,jg_kills,jg_deaths,jg_assists,jg_gold,jg_vision,jg_tower_damage,mid_kills,mid_deaths,mid_assists,mid_gold,mid_vision,mid_tower_damage,bot_kills,bot_deaths,bot_assists,bot_gold,bot_vision,bot_tower_damage,sup_kills,sup_deaths,sup_assists,sup_gold,sup_vision,sup_tower_damage,team_baron_kills,team_dragon_kills,team_riftHerald_kills,team_kills,team_deaths,team_assists,team_gold,team_vision,team_tower_damage,team_win
955,1,1,1,5304,5,0,5,3,4,6025,10,1223,6,2,2,6193,11,5151,4,3,3,6130,11,2220,0,0,8,4163,20,303,0,2,0,16,9,18,27815,57,8897,1
955,0,2,1,5601,11,5523,5,2,1,7190,16,0,2,6,1,4848,1,4244,2,2,1,5417,1,0,0,4,3,3827,15,0,0,0,0,9,16,7,26883,44,9767,0
969,5,4,1,5615,9,842,2,4,2,5474,14,0,6,3,3,6746,9,0,0,6,1,3672,9,0,1,4,7,4534,18,0,0,0,0,14,21,14,26041,59,842,0
969,4,4,4,7303,12,4317,2,4,3,5139,6,336,6,5,1,6199,8,1764,5,1,6,8018,3,9544,4,0,8,5872,32,1001,0,2,0,21,14,22,32531,61,16962,1
2026,11,8,4,16581,37,12442,11,1,5,15597,24,3951,13,9,11,17140,35,16572,8,7,11,14942,36,6605,1,8,12,8777,30,413,1,4,0,44,33,43,73037,162,39983,1
2026,8,8,6,14121,30,6426,5,10,7,12876,7,0,7,8,8,12281,33,5339,5,9,8,14747,31,7838,8,9,6,10849,51,3951,0,1,0,33,44,35,64874,152,23554,0
1444,0,5,0,6155,14,4139,5,9,3,8770,15,0,2,4,1,6923,16,8532,9,3,3,11776,24,4261,0,8,9,6680,44,1469,0,1,1,16,29,16,40304,113,18401,0
1444,6,1,6,9556,19,8125,8,4,7,9634,30,305,4,4,6,7679,1,1380,4,4,6,9085,15,3815,7,3,11,9287,37,5617,0,2,0,29,16,36,45241,102,19242,1
1284,3,5,3,6839,6,3631,14,1,3,11698,26,6860,2,4,3,7300,16,10442,7,4,9,9169,16,3107,3,1,10,7575,47,3649,0,2,0,29,15,28,42581,111,27689,1
1284,2,6,2,6562,16,0,4,7,2,7719,17,0,7,4,0,8797,8,1987,2,8,2,6704,8,774,0,4,4,5104,16,3107,0,0,1,15,29,10,34886,65,5868,0
1689,5,3,5,9429,17,12388,2,2,14,10392,14,653,11,0,10,11038,24,5438,6,2,14,10131,19,3008,4,0,12,9250,45,3804,1,2,0,28,7,55,50240,119,25291,1
1689,4,6,1,9354,8,9206,2,9,1,8273,39,0,0,2,3,6732,21,1009,1,5,2,7696,24,0,0,6,1,6337,7,1036,0,1,1,7,28,8,38392,99,11251,0
2086,11,4,10,15724,23,24663,14,5,3,17645,21,5489,7,4,16,12619,46,6247,4,7,17,12662,28,3137,3,9,16,10277,16,137,1,4,1,39,29,62,68927,134,39673,1
2086,11,7,2,14826,37,9991,4,10,6,12635,45,4254,4,8,5,11791,16,3788,6,8,7,14836,25,6312,4,6,9,11604,27,3459,0,1,0,29,39,29,65692,150,27804,0
915,2,2,0,5226,10,835,1,6,0,4343,11,533,1,4,1,4651,7,2283,1,1,0,5590,12,2394,0,3,1,3689,8,0,0,0,0,5,16,2,23499,48,6045,0
915,1,1,1,4586,15,1846,8,1,1,6847,18,0,4,2,3,5791,14,3757,2,0,4,6677,8,4524,1,1,6,4223,18,612,0,2,0,16,5,15,28124,73,10739,1
1758,6,12,9,10274,17,5909,11,6,11,13128,16,0,7,11,8,10304,17,5458,4,14,15,11829,28,4859,5,11,4,9619,40,4353,0,0,0,33,54,47,55154,118,20579,0
1758,1,6,21,10041,18,6562,13,8,9,12637,23,1483,11,5,7,12626,14,9615,16,10,12,15339,19,14968,13,4,19,12637,73,1618,0,4,1,54,33,68,63280,147,34246,1
917,1,5,2,4824,13,4391,2,3,1,5264,14,0,0,6,0,3578,7,920,0,4,1,3932,9,886,1,0,0,3730,21,300,0,0,0,4,18,4,21328,64,6497,0
917,9,3,1,7328,3,4695,1,0,2,4944,15,1349,5,0,2,6219,12,4729,1,1,4,5077,5,6371,2,0,4,4872,31,199,0,2,0,18,4,13,28440,66,17343,1
2444,12,7,2,17179,33,14891,10,8,11,17451,36,3644,1,18,9,10348,18,3906,6,16,11,13220,34,4797,8,8,15,13691,44,0,0,3,1,37,57,48,71889,165,27238,0
2444,10,12,4,14938,30,14024,10,5,18,14495,72,1930,16,2,16,16045,53,7888,7,12,19,18578,35,9877,14,6,23,15913,98,5119,0,3,0,57,37,80,79969,288,38838,1
1791,3,12,6,8435,31,6232,2,8,11,9633,32,965,11,5,3,12848,22,5247,1,8,4,8354,13,2065,3,8,2,8600,50,411,0,2,0,20,41,26,47870,148,14920,0
1791,13,7,1,11421,10,6225,5,4,12,10694,31,6689,6,7,7,9958,7,9617,6,1,10,11410,27,5581,11,1,10,11580,53,6813,0,1,1,41,20,40,55063,128,34925,1
1111,2,1,2,8421,18,9972,5,0,4,7844,16,965,10,0,2,8918,17,9125,0,0,3,6746,15,6379,3,2,3,5364,26,2370,0,2,1,20,3,14,37293,92,28811,1
1111,0,3,0,5062,15,0,2,3,0,6451,15,0,0,6,2,4818,3,0,0,3,0,4659,14,490,1,5,0,4435,23,90,0,0,0,3,20,2,25425,70,580,0
1250,0,2,1,5503,6,809,0,2,1,4781,9,0,3,1,0,7304,14,1982,2,6,2,7004,16,215,1,6,2,5215,14,569,0,0,0,6,17,6,29807,59,3575,0
1250,0,0,3,6660,28,4619,1,1,2,8410,18,8610,4,1,0,8109,9,6417,3,4,5,8213,11,3497,9,0,3,9344,46,8005,0,3,1,17,6,13,40736,112,31148,1
1849,6,8,1,11918,22,7901,4,6,6,10953,36,804,6,4,2,11984,12,8363,4,9,4,13239,26,5730,0,5,10,8066,73,846,0,1,0,20,32,23,56160,169,23644,0
1849,6,3,5,13713,24,7821,3,3,8,12101,27,303,11,4,5,13715,26,8798,8,4,9,13590,27,6679,4,6,12,11280,62,2647,1,4,1,32,20,39,64399,166,26248,1
1309,1,5,1,5654,15,0,4,4,0,8759,12,0,0,7,0,6728,11,9828,3,8,4,7459,12,0,5,5,2,8571,30,1331,0,0,0,13,29,7,37171,80,11159,0
1309,7,2,1,9371,22,9699,5,4,6,8319,24,1345,4,0,6,8070,17,5088,9,4,5,10985,5,4835,4,3,14,7899,32,3209,0,3,0,29,13,32,44644,100,24176,1
1045,8,2,2,10491,3,13047,5,1,1,7444,12,3017,0,1,1,5099,0,5734,2,6,5,5240,3,1997,3,5,3,5685,32,1132,0,1,1,18,15,12,33959,50,24927,1
1045,1,4,1,3726,8,0,3,3,2,6019,18,0,2,3,0,5547,7,4308,7,6,0,6160,10,3267,2,2,8,5584,16,695,0,1,0,15,18,11,27036,59,8270,0
2396,15,7,2,21229,51,24894,6,5,6,15453,34,3285,4,2,6,14633,39,7005,5,10,4,13302,33,3872,1,11,10,11798,124,7891,0,4,1,31,35,28,76415,281,46947,0
2396,2,11,5,16734,40,7790,6,5,11,16076,52,2983,9,5,5,15483,32,15990,18,4,7,20397,36,14694,0,6,21,13830,95,2831,1,2,0,35,31,49,82520,255,44288,1
2362,13,8,6,19759,21,18566,17,7,7,18715,22,3246,11,4,11,14999,35,4488,4,9,10,14132,38,9246,1,4,25,12494,88,3160,1,4,0,46,32,59,80099,204,38706,1
2362,6,10,7,13924,31,5538,16,13,9,18886,27,9,4,6,6,11740,18,6111,1,10,12,10643,21,113,5,8,10,13382,65,1079,0,2,1,32,47,44,68575,162,12850,0
2054,4,6,7,9325,15,7330,14,9,8,15057,18,3990,15,4,13,15648,31,4185,12,8,11,16163,29,11151,4,2,23,11462,87,2988,0,4,0,49,29,62,67655,180,29644,1
2054,10,5,6,17186,23,14145,1,15,6,11695,33,3000,10,11,2,13055,20,4616,4,10,1,12599,32,5072,4,8,8,10509,73,1077,1,1,1,29,49,23,65044,181,27910,0
2119,3,8,16,11437,10,11699,7,12,13,14302,11,3317,3,8,7,9205,19,3532,33,10,8,27512,30,10256,1,8,27,11922,38,2209,0,1,1,47,46,71,74378,108,31013,1
2119,8,7,12,14532,24,17049,11,9,8,14080,35,6731,12,9,11,14009,30,7682,8,11,10,12573,6,797,7,11,25,13628,101,2771,1,4,0,46,47,66,68822,196,35030,0
2428,0,12,11,10081,4,7884,28,6,6,26805,37,14253,9,8,11,14203,25,4821,6,6,9,13982,32,4400,13,8,15,18025,77,6820,1,2,1,56,40,52,83096,175,38178,1
2428,19,9,1,20483,26,8291,3,10,12,13851,29,2254,12,14,5,13865,26,9229,5,13,13,15005,17,9846,1,10,14,12467,36,3092,0,4,0,40,56,45,75671,134,32712,0
1508,10,1,2,11308,21,10952,10,1,7,11235,28,3314,7,2,6,9322,8,5706,4,1,9,11321,14,7564,3,1,8,8336,41,6617,1,3,1,34,6,32,51522,112,34153,1
1508,0,7,1,6718,23,6619,3,8,0,8978,29,0,2,7,1,8872,9,3948,1,7,0,7934,15,2390,0,5,2,6505,62,0,0,1,0,6,34,4,39007,138,12957,0
1312,1,8,2,6263,14,0,0,7,3,6509,23,2286,0,5,0,5747,0,961,5,7,2,9986,7,2474,2,3,5,6426,9,3338,0,1,1,8,30,12,34931,53,9059,0
1312,9,1,0,9249,19,10778,5,2,5,8431,23,1656,3,0,2,7528,10,4966,11,3,2,9859,11,888,2,2,9,7547,11,2667,0,2,0,30,8,18,42614,74,20955,1
1782,13,3,12,15341,23,9209,17,3,6,15493,39,10561,4,3,13,11101,23,4884,3,7,4,10063,23,6364,0,5,8,6843,18,1879,0,1,0,37,21,43,58841,126,32897,1
1782,6,9,0,10525,22,2991,6,8,3,12638,8,6561,2,3,4,10112,24,3460,5,10,3,10009,19,6649,2,7,9,8343,55,3200,0,3,0,21,37,19,51627,128,22861,0
1861,0,6,13,8845,3,3503,10,4,15,15219,25,6618,16,4,6,13696,7,2643,6,8,6,12239,22,6537,3,7,16,9443,51,4052,0,2,1,35,29,56,59442,108,23353,1
1861,7,5,2,11514,21,6300,7,10,9,11638,20,1772,4,3,10,10676,41,4037,2,9,15,10639,12,2657,9,8,13,12309,54,7268,0,2,0,29,35,49,56776,148,22034,0
2077,12,8,8,13350,25,9979,2,10,11,9366,3,1488,13,1,8,15195,27,13000,3,8,3,11649,13,2814,0,6,17,9456,51,4316,1,1,0,30,33,47,59016,119,31597,0
2077,6,6,8,11477,19,6122,6,7,14,11404,20,12466,1,10,6,8809,34,5135,18,4,9,18966,3,3315,2,4,21,9958,111,523,1,4,1,33,31,58,60614,187,27561,1
1948,12,6,10,16575,32,13384,11,6,8,14070,26,1545,7,2,10,12769,24,11946,8,4,8,12799,30,9628,5,3,19,11195,22,3658,1,1,0,43,21,55,67408,134,40161,1
1948,4,7,4,10692,13,5763,5,9,7,12596,15,3139,8,9,0,12617,6,4494,4,11,7,11159,24,3308,0,7,11,8501,48,1601,0,4,1,21,43,29,55565,106,18305,0
1376,4,1,5,10636,15,13113,2,3,13,9146,13,3424,9,3,5,8914,12,12181,20,1,6,13118,12,9573,3,5,16,7314,18,1337,0,3,1,38,13,45,49128,70,39628,1
1376,0,7,1,5874,13,879,4,4,6,8655,24,603,3,4,4,7986,18,1119,4,12,3,7234,12,761,1,11,6,5681,38,86,0,0,0,12,38,20,35430,105,3448,0
961,3,6,0,4833,9,3467,0,2,1,4345,10,0,0,3,0,4642,8,1629,3,5,1,5094,14,1803,1,5,2,4457,10,0,0,0,0,7,21,4,23371,51,6899,0
961,8,3,0,7911,7,6796,3,0,4,6369,16,0,6,0,1,7658,11,9304,3,3,3,5045,11,724,1,1,7,4801,21,2528,0,2,0,21,7,15,31784,66,19352,1
1131,1,8,2,5913,9,2476,2,5,3,5943,22,0,6,2,1,7973,7,3960,4,2,0,7647,12,1834,0,4,3,4484,6,277,0,1,1,13,21,9,31960,56,8547,0
1131,12,1,4,12372,8,26996,5,2,4,7673,1,0,0,6,1,5351,5,2313,4,2,5,7963,14,7659,0,2,6,5705,18,1320,0,2,0,21,13,20,39064,46,38288,1
1265,0,2,0,6717,15,3067,0,6,0,5153,23,0,1,4,0,5839,12,2056,3,5,0,6069,0,0,0,4,3,5141,14,821,0,0,0,4,21,3,28919,64,5944,0
1265,5,1,2,8916,18,7545,3,2,7,7687,9,448,3,0,5,7998,15,14136,8,1,4,9698,14,10478,2,1,11,7132,29,5735,0,3,1,21,5,29,41431,85,38342,1
957,0,5,0,3050,0,718,2,4,1,4951,11,0,0,2,3,4621,9,3295,0,6,2,3117,7,545,1,4,1,5208,22,468,0,0,0,3,21,7,20947,49,5026,0
957,7,1,2,7092,11,5506,2,2,4,5587,14,0,0,0,3,4824,11,1237,12,0,0,8205,13,5602,0,0,10,4808,14,1437,0,2,0,21,3,19,30516,63,13782,1
2053,1,3,6,11343,9,9893,5,4,10,13680,18,6260,6,7,5,10064,4,5873,21,4,5,20687,10,13411,6,5,25,13211,96,2460,1,4,1,39,23,51,68985,137,37897,1
2053,12,5,0,17444,27,10858,1,10,3,11510,35,1862,7,5,6,12954,31,4406,3,10,3,10973,24,7224,0,9,10,8943,72,2262,1,1,0,23,39,22,61824,189,26612,0
1665,4,5,5,9014,21,4741,5,5,5,9331,12,0,9,3,2,11166,24,0,1,4,3,8213,17,2551,1,4,3,7873,66,1190,0,2,0,20,21,18,45597,140,8482,0
1665,4,3,6,10337,8,7195,2,8,6,8651,23,1451,3,4,6,7841,19,1911,10,3,6,13918,9,4317,2,2,15,7979,51,1960,0,2,1,21,20,39,48726,110,16834,1
1994,11,6,6,14158,19,11567,13,8,12,15716,38,5573,9,2,14,11935,13,2248,7,4,11,13231,24,9459,12,8,13,12021,54,3039,0,3,0,52,28,56,67061,148,31886,1
1994,1,13,6,9597,22,6425,8,14,8,12835,26,683,8,4,8,12849,26,4338,8,11,8,12868,24,4792,3,10,15,10684,66,1504,0,1,1,28,52,45,58833,164,17742,0
1379,10,2,7,11689,19,13138,6,3,6,9625,24,9099,9,3,6,9509,14,8037,4,3,3,8001,13,5196,2,7,7,6847,14,2397,0,2,0,31,18,29,45671,84,37867,1
1379,0,3,0,3740,3,0,3,11,1,7667,21,2229,0,8,1,4962,0,753,8,3,7,11643,10,6038,7,6,5,8949,24,1818,0,1,1,18,31,14,36961,58,10838,0
2221,8,11,12,10725,4,2199,6,5,24,12983,20,0,10,9,9,15495,9,13979,14,5,15,15100,6,4724,10,5,15,12575,100,41,1,3,0,48,35,75,66878,139,20943,1
2221,13,10,7,13705,10,8447,10,10,10,16537,39,5446,0,11,12,10291,23,9712,9,5,6,15010,28,3754,3,13,8,9255,0,1383,0,2,0,35,49,43,64798,100,28742,0
1521,3,4,0,7128,17,3645,8,7,5,12491,31,0,4,9,2,7439,19,1285,1,7,3,7497,3,5306,0,4,4,6050,46,2116,0,1,0,16,31,14,40605,116,12352,0
1521,8,5,3,12062,5,16030,4,3,7,8823,22,367,11,2,8,11501,3,7317,6,3,3,10938,18,7396,2,3,7,7442,21,3518,0,2,0,31,16,28,50766,69,34628,1
999,0,7,0,3375,9,0,1,4,1,4430,5,0,5,3,0,5692,9,766,2,0,1,5624,6,2054,0,0,3,4294,23,2484,0,1,0,8,14,5,23415,52,5304,0
999,10,0,0,7885,12,6577,3,1,0,6036,10,0,1,4,0,5560,1,3137,0,1,0,3764,6,818,0,2,0,3939,11,0,0,1,1,14,8,0,27184,40,10532,1
1929,9,12,5,12377,26,9598,2,11,12,10995,24,0,5,6,7,12323,22,6412,9,9,5,13973,26,4511,4,8,12,9946,22,1016,0,2,0,29,46,41,59614,120,21537,0
1929,10,8,6,13446,13,9006,8,7,19,13021,44,2724,13,3,7,14494,23,5375,9,7,6,14598,18,17745,5,4,20,11030,19,1731,0,3,1,45,29,58,66589,117,36581,1
1707,9,3,3,12775,31,10910,4,4,8,10304,26,0,3,5,9,9852,18,5168,9,2,5,11010,28,8275,4,2,13,9681,60,3144,0,4,1,29,16,38,53622,163,27497,1
1707,2,4,3,8750,34,8785,4,6,9,9892,30,0,3,2,8,9285,24,6277,4,9,2,9005,21,4219,2,8,4,8598,28,4348,0,0,0,15,29,26,45530,137,23629,0
2627,4,10,6,15679,25,5678,6,15,9,14665,34,0,7,4,12,16617,16,7543,5,10,10,14342,12,1449,17,3,19,19654,95,11979,0,4,0,39,42,56,80957,182,26649,1
2627,18,11,7,22484,44,23740,8,13,7,13733,57,3471,4,3,7,13725,29,2315,3,8,11,11600,21,593,9,4,7,13942,112,7363,1,3,1,42,39,39,75484,263,37482,0
1387,12,3,5,10958,14,7180,2,1,9,9408,9,582,7,1,3,9069,12,2899,3,3,6,8880,16,2458,1,2,11,6303,45,801,0,0,1,25,10,34,44618,96,13920,1
1387,3,8,0,6083,4,123,1,6,1,7354,15,23,0,5,1,6738,12,765,6,3,0,8912,12,501,0,3,6,5644,47,116,0,2,0,10,25,8,34731,90,1528,0
926,0,2,0,3506,6,0,1,3,1,4962,2,0,0,3,1,4027,6,958,2,5,1,5201,3,0,0,3,3,3577,3,0,0,0,0,3,16,6,21273,20,958,0
926,3,0,0,5280,6,1272,3,1,4,5989,10,2647,2,0,3,5007,8,1425,3,1,6,5678,4,786,5,1,5,5995,10,1972,0,2,0,16,3,18,27949,38,8102,1
921,0,5,0,3195,6,178,0,4,0,3772,10,0,0,1,1,3559,8,0,1,3,2,4161,3,0,2,4,1,4110,23,0,0,0,0,3,17,4,18797,50,178,0
921,9,0,1,7831,7,4627,1,0,1,4987,5,0,1,1,0,5236,0,2819,3,1,4,4838,0,1052,3,2,5,4868,23,237,0,2,0,17,4,11,27760,35,8735,1
1629,12,5,2,10790,12,1143,5,4,8,10831,15,5497,3,7,5,9180,28,2148,2,4,4,7486,9,1885,2,3,6,7429,46,1701,1,2,1,24,23,25,45716,110,12374,1
1629,2,5,5,7550,4,1850,6,8,10,9888,19,3189,9,5,8,9442,14,3379,5,2,7,9946,14,4017,1,4,8,6318,1,1036,0,2,0,23,24,38,43144,52,13471,0
1302,6,2,2,7999,12,7243,5,3,5,7502,5,0,3,2,5,5976,5,786,2,4,5,6811,8,763,4,3,12,7446,21,671,0,2,0,20,14,29,35734,51,9463,1
1302,2,3,3,6355,8,3293,3,4,5,6938,15,0,6,4,2,8106,4,0,1,5,3,5140,4,404,2,4,4,6035,30,187,0,1,0,14,20,17,32574,61,3884,0
1240,4,2,0,7384,1,1464,1,1,2,6380,13,0,3,0,1,6567,12,2151,1,5,1,5077,6,1962,7,1,1,7492,8,990,0,0,1,16,9,5,32900,40,6567,1
1240,2,3,0,5960,3,175,0,2,1,5366,8,0,2,2,0,4984,11,0,4,4,2,5871,8,223,1,5,4,4978,14,488,0,1,0,9,16,7,27159,44,886,0
1730,3,8,3,8875,17,917,7,9,9,11702,23,0,4,14,2,7527,8,431,3,10,4,7782,1,2957,5,7,5,9925,49,1908,0,0,0,22,48,23,45811,98,6213,0
1730,7,5,5,13167,19,12467,15,7,11,13207,5,751,9,4,16,10776,10,1856,12,4,10,13452,14,5529,5,3,22,10709,61,2572,0,4,1,48,23,64,61311,109,23175,1
2280,5,13,10,11760,16,4339,9,6,5,15302,27,1594,7,9,21,15729,30,11374,28,9,7,20733,37,931,10,5,20,13190,69,1094,1,1,0,59,42,63,76714,179,19332,0
2280,18,15,5,19028,22,9452,12,8,10,16361,24,0,7,12,10,12753,27,1959,1,11,11,9385,17,2310,4,13,9,10648,47,978,1,4,1,42,59,45,68175,137,14699,1
1103,0,5,0,2700,2,0,0,5,2,5237,18,0,2,1,0,6697,8,1599,0,6,1,4206,4,2102,1,2,0,4710,18,638,0,0,0,3,19,3,23550,50,4339,0
1103,9,0,2,7892,10,4338,1,1,1,5541,9,0,1,1,1,6191,9,2186,4,1,2,5851,11,1867,4,0,5,6106,24,2537,0,3,0,19,3,11,31581,63,10928,1
1055,1,1,0,5040,1,827,2,6,2,6013,14,0,2,1,0,5571,8,3029,5,6,2,5978,9,0,0,7,7,4254,1,0,0,0,0,10,21,11,26856,33,3856,0
1055,3,1,3,5593,11,2177,6,3,5,7596,12,165,2,0,5,6702,9,1351,4,1,12,6755,6,3123,6,6,9,6934,10,1356,0,2,1,21,11,34,33580,48,8172,1
1608,11,7,2,10807,0,4474,5,7,3,9563,15,0,3,9,1,8968,5,1736,3,4,7,8415,9,648,3,6,7,7818,35,347,0,2,0,25,33,20,45571,64,7205,0
1608,6,9,2,12623,14,14539,2,5,4,8256,6,0,14,2,1,13729,13,8700,9,6,4,10948,18,3041,2,3,14,7942,39,219,0,0,0,33,25,25,53498,90,26499,1
2341,8,4,23,20069,29,28503,18,10,16,18592,25,0,2,10,15,12191,31,5159,8,11,18,16690,25,380,5,9,21,12729,59,129,1,4,1,41,44,93,80271,169,34171,1
2341,2,13,5,14729,17,6673,16,7,15,19312,33,791,13,9,20,19412,24,3700,10,6,9,17801,22,6304,3,6,24,11608,53,3696,1,2,0,44,41,73,82862,149,21164,0
1777,2,5,3,9711,14,2887,6,3,2,11179,25,0,4,6,1,8854,18,5958,2,9,3,9758,13,785,2,6,2,7374,41,244,0,3,1,16,29,11,46876,111,9874,0
1777,2,2,7,12193,9,14827,2,4,11,11210,20,711,6,4,9,10436,20,2082,16,2,3,14244,14,8898,3,4,7,8825,41,3259,1,1,0,29,16,37,56908,104,29777,1
1616,12,4,8,10760,14,3972,2,2,16,9625,20,1781,13,7,13,10453,8,869,14,12,6,12300,5,9622,6,10,8,9718,41,4873,0,2,1,47,35,51,52856,88,21117,1
1616,7,9,2,9719,13,2830,10,6,5,12552,18,0,2,13,2,6056,9,0,11,9,13,10365,8,353,5,10,21,8649,51,172,0,1,0,35,47,43,47341,99,3355,0
2360,11,7,6,18426,24,6038,16,10,9,18340,30,0,13,8,7,16860,20,6765,1,15,14,11532,24,908,4,12,13,11828,51,894,0,3,1,45,52,49,76986,149,14605,0
2360,5,9,13,14449,10,12060,18,9,13,20454,20,2971,6,6,11,13635,29,4979,12,12,14,14208,15,2074,11,9,18,13274,96,755,1,3,0,52,45,69,76020,170,22839,1
958,3,1,0,5350,7,975,4,1,2,6709,16,0,3,0,2,5681,7,990,1,0,5,5312,6,1381,4,3,3,5405,19,1489,0,2,0,15,5,12,28457,55,4835,1
958,0,3,1,3922,7,137,3,2,2,5291,11,0,0,3,3,4406,5,91,2,4,1,3887,6,0,0,3,2,3586,23,0,0,0,0,5,15,9,21092,52,228,0
1944,13,5,9,16735,22,17888,9,6,17,16409,17,3140,4,4,8,10665,9,1169,7,10,3,11110,5,4907,5,9,10,9638,18,554,0,4,1,38,34,47,64557,71,27658,1
1944,3,8,5,10118,17,5197,3,7,8,10707,20,3054,14,7,4,13828,17,1039,10,6,13,13646,23,1559,4,10,10,9468,71,0,0,0,0,34,38,40,57767,148,10849,0
934,5,0,1,5895,3,0,1,2,5,4677,8,0,6,0,4,6461,5,1118,1,1,5,4239,0,0,3,0,2,4389,8,0,0,2,0,16,3,17,25661,24,1118,1
934,1,4,0,3729,6,0,0,3,2,4278,11,0,0,5,0,3576,2,994,2,3,0,4182,5,0,0,1,2,3607,16,95,0,0,0,3,16,4,19372,40,1089,0
