top_kills_per_min,top_deaths_per_min,top_assists_per_min,top_gold_per_min,top_vision_per_min,top_tower_damage_per_min,jg_kills_per_min,jg_deaths_per_min,jg_assists_per_min,jg_gold_per_min,jg_vision_per_min,jg_tower_damage_per_min,mid_kills_per_min,mid_deaths_per_min,mid_assists_per_min,mid_gold_per_min,mid_vision_per_min,mid_tower_damage_per_min,bot_kills_per_min,bot_deaths_per_min,bot_assists_per_min,bot_gold_per_min,bot_vision_per_min,bot_tower_damage_per_min,sup_kills_per_min,sup_deaths_per_min,sup_assists_per_min,sup_gold_per_min,sup_vision_per_min,sup_tower_damage_per_min,team_baron_kills,team_dragon_kills,team_riftHerald_kills,team_kills_per_min,team_deaths_per_min,team_assists_per_min,team_gold_per_min,team_vision_per_min,team_tower_damage_per_min,team_win
0.06282722513089005,0.06282722513089005,0.06282722513089005,333.23560209424085,0.31413612565445026,0.0,0.31413612565445026,0.18848167539267016,0.2513089005235602,378.5340314136126,0.6282722513089005,76.83769633507853,0.3769633507853403,0.1256544502617801,0.1256544502617801,389.0890052356021,0.6910994764397906,323.62303664921467,0.2513089005235602,0.18848167539267016,0.18848167539267016,385.13089005235605,0.6910994764397906,139.4764397905759,0.0,0.0,0.5026178010471204,261.5497382198953,1.256544502617801,19.036649214659686,0,2,0,1.0052356020942408,0.5654450261780105,1.130890052356021,1747.5392670157069,3.581151832460733,558.9738219895288,1
0.0,0.1256544502617801,0.06282722513089005,351.8952879581152,0.6910994764397906,346.9947643979058,0.31413612565445026,0.1256544502617801,0.06282722513089005,451.7277486910995,1.0052356020942408,0.0,0.1256544502617801,0.3769633507853403,0.06282722513089005,304.586387434555,0.06282722513089005,266.6387434554974,0.1256544502617801,0.1256544502617801,0.06282722513089005,340.3350785340314,0.06282722513089005,0.0,0.0,0.2513089005235602,0.18848167539267016,240.43979057591625,0.9424083769633508,0.0,0,0,0,0.5654450261780105,1.0052356020942408,0.4397905759162304,1688.9842931937173,2.7643979057591626,613.6335078534032,0
0.30959752321981426,0.24767801857585142,0.061919504643962855,347.6780185758514,0.5572755417956656,52.13622291021672,0.12383900928792571,0.24767801857585142,0.12383900928792571,338.94736842105266,0.86687306501548,0.0,0.3715170278637771,0.18575851393188855,0.18575851393188855,417.70897832817343,0.5572755417956656,0.0,0.0,0.3715170278637771,0.061919504643962855,227.3684210526316,0.5572755417956656,0.0,0.061919504643962855,0.24767801857585142,0.43343653250774,280.7430340557276,1.1145510835913313,0.0,0,0,0,0.86687306501548,1.30030959752322,0.86687306501548,1612.4458204334367,3.6532507739938085,52.13622291021672,0
0.24767801857585142,0.24767801857585142,0.24767801857585142,452.19814241486074,0.7430340557275542,267.30650154798764,0.12383900928792571,0.24767801857585142,0.18575851393188855,318.2043343653251,0.3715170278637771,20.80495356037152,0.3715170278637771,0.30959752321981426,0.061919504643962855,383.8390092879257,0.49535603715170284,109.22600619195047,0.30959752321981426,0.061919504643962855,0.3715170278637771,496.47058823529414,0.18575851393188855,590.9597523219815,0.24767801857585142,0.0,0.49535603715170284,363.5913312693499,1.9814241486068114,61.98142414860682,0,2,0,1.30030959752322,0.86687306501548,1.3622291021671828,2014.3034055727555,3.7770897832817343,1050.2786377708978,1
0.32576505429417574,0.23692003948667326,0.11846001974333663,491.04639684106616,1.0957551826258638,368.4698914116486,0.32576505429417574,0.029615004935834157,0.14807502467917077,461.90523198420533,0.7107601184600197,117.00888450148075,0.38499506416584406,0.2665350444225074,0.32576505429417574,507.6011846001974,1.0365251727541955,490.7798617966437,0.23692003948667326,0.2073050345508391,0.32576505429417574,442.507403751234,1.0661401776900297,195.6071076011846,0.029615004935834157,0.23692003948667326,0.35538005923000987,259.9308983218164,0.8884501480750248,12.230997038499506,1,4,0,1.303060217176703,0.9772951628825272,1.2734452122408688,2162.9911154985193,4.797630799605133,1184.0967423494571,1
0.23692003948667326,0.23692003948667326,0.17769002961500494,418.1934846989141,0.8884501480750248,190.3060217176703,0.14807502467917077,0.29615004935834155,0.2073050345508391,381.3228035538006,0.2073050345508391,0.0,0.2073050345508391,0.23692003948667326,0.23692003948667326,363.7018756169793,0.9772951628825272,158.11451135241856,0.14807502467917077,0.2665350444225074,0.23692003948667326,436.73247778874634,0.9180651530108589,232.12240868706812,0.23692003948667326,0.2665350444225074,0.17769002961500494,321.29318854886475,1.510365251727542,117.00888450148075,0,1,0,0.9772951628825272,1.303060217176703,1.0365251727541955,1921.243830207305,4.501480750246792,697.5518262586377,0
0.0,0.20775623268698062,0.0,255.74792243767314,0.5817174515235457,171.98060941828254,0.20775623268698062,0.3739612188365651,0.12465373961218837,364.404432132964,0.6232686980609419,0.0,0.08310249307479224,0.16620498614958448,0.04155124653739612,287.65927977839334,0.6648199445983379,354.51523545706374,0.3739612188365651,0.12465373961218837,0.12465373961218837,489.3074792243767,0.997229916897507,177.04986149584488,0.0,0.33240997229916897,0.3739612188365651,277.5623268698061,1.8282548476454294,61.038781163434905,0,1,1,0.6648199445983379,1.2049861495844876,0.6648199445983379,1674.6814404432132,4.695290858725762,764.5844875346261,0
0.24930747922437674,0.04155124653739612,0.24930747922437674,397.06371191135736,0.7894736842105263,337.6038781163435,0.33240997229916897,0.16620498614958448,0.29085872576177285,400.30470914127426,1.2465373961218837,12.673130193905818,0.16620498614958448,0.16620498614958448,0.24930747922437674,319.0720221606648,0.04155124653739612,57.34072022160665,0.16620498614958448,0.16620498614958448,0.24930747922437674,377.49307479224376,0.6232686980609419,158.5180055401662,0.29085872576177285,0.12465373961218837,0.45706371191135736,385.88642659279776,1.5373961218836565,233.39335180055403,0,2,0,1.2049861495844876,0.6648199445983379,1.4958448753462603,1879.819944598338,4.238227146814404,799.5290858725762,1
0.14018691588785048,0.23364485981308414,0.14018691588785048,319.57943925233644,0.28037383177570097,169.6728971962617,0.6542056074766356,0.04672897196261683,0.14018691588785048,546.6355140186917,1.2149532710280375,320.5607476635514,0.09345794392523366,0.1869158878504673,0.14018691588785048,341.1214953271028,0.7476635514018692,487.9439252336449,0.3271028037383178,0.1869158878504673,0.42056074766355145,428.4579439252337,0.7476635514018692,145.1869158878505,0.14018691588785048,0.04672897196261683,0.4672897196261683,353.97196261682245,2.196261682242991,170.5140186915888,0,2,0,1.355140186915888,0.7009345794392524,1.3084112149532712,1989.766355140187,5.186915887850468,1293.8785046728972,1
0.09345794392523366,0.28037383177570097,0.09345794392523366,306.6355140186916,0.7476635514018692,0.0,0.1869158878504673,0.3271028037383178,0.09345794392523366,360.70093457943926,0.7943925233644861,0.0,0.3271028037383178,0.1869158878504673,0.0,411.07476635514024,0.3738317757009346,92.85046728971963,0.09345794392523366,0.3738317757009346,0.09345794392523366,313.2710280373832,0.3738317757009346,36.16822429906542,0.0,0.1869158878504673,0.1869158878504673,238.5046728971963,0.7476635514018692,145.1869158878505,0,0,1,0.7009345794392524,1.355140186915888,0.4672897196261683,1630.1869158878505,3.0373831775700935,274.2056074766355,0
0.17761989342806395,0.10657193605683837,0.17761989342806395,334.955595026643,0.6039076376554174,440.07104795737126,0.07104795737122559,0.07104795737122559,0.49733570159857904,369.1651865008881,0.49733570159857904,23.19715808170515,0.3907637655417407,0.0,0.3552397868561279,392.113676731794,0.852575488454707,193.17939609236237,0.21314387211367675,0.07104795737122559,0.49733570159857904,359.8934280639432,0.674955595026643,106.85612788632328,0.14209591474245117,0.0,0.4262877442273535,328.5968028419183,1.5985790408525755,135.13321492007105,1,2,0,0.9946714031971581,0.24866785079928952,1.9538188277087034,1784.7246891651866,4.227353463587922,898.4369449378331,1
0.14209591474245117,0.21314387211367675,0.03552397868561279,332.29129662522206,0.28419182948490235,327.03374777975137,0.07104795737122559,0.3197158081705151,0.03552397868561279,293.8898756660746,1.3854351687388988,0.0,0.0,0.07104795737122559,0.10657193605683837,239.1474245115453,0.7460035523978686,35.8436944937833,0.03552397868561279,0.17761989342806395,0.07104795737122559,273.39253996447604,0.852575488454707,0.0,0.0,0.21314387211367675,0.03552397868561279,225.11545293072825,0.24866785079928952,36.80284191829485,0,1,1,0.24866785079928952,0.9946714031971581,0.28419182948490235,1363.8365896980463,3.5168738898756664,399.6802841918295,0
0.31639501438159157,0.11505273250239693,0.28763183125599234,452.27229146692235,0.6615532118887824,709.3863854266539,0.4026845637583893,0.14381591562799617,0.0862895493767977,507.52636625119845,0.6040268456375839,157.8811121764142,0.20134228187919465,0.11505273250239693,0.46021093000958774,362.9626078619367,1.3231064237775647,179.68360498561842,0.11505273250239693,0.20134228187919465,0.48897411313518696,364.1994247363375,0.8053691275167786,90.2301054650048,0.0862895493767977,0.2588686481303931,0.46021093000958774,295.5992329817833,0.46021093000958774,3.940556088207095,1,4,1,1.1217641418983701,0.8341323106423778,1.7833173537871525,1982.5599232981783,3.8542665388302972,1141.1217641418984,1
0.31639501438159157,0.20134228187919465,0.05752636625119847,426.4429530201342,1.0642377756471717,287.37296260786195,0.11505273250239693,0.28763183125599234,0.1725790987535954,363.4228187919463,1.2943432406519655,122.35858101629914,0.11505273250239693,0.23010546500479387,0.14381591562799617,339.14669223394054,0.46021093000958774,108.9549376797699,0.1725790987535954,0.23010546500479387,0.20134228187919465,426.73058485139023,0.7190795781399808,181.55321188878236,0.11505273250239693,0.1725790987535954,0.2588686481303931,333.76797698945353,0.7766059443911794,99.49185043144774,0,1,0,0.8341323106423778,1.1217641418983701,0.8341323106423778,1889.511025886865,4.314477468839885,799.7315436241611,0
0.13114754098360656,0.13114754098360656,0.0,342.6885245901639,0.6557377049180327,54.75409836065574,0.06557377049180328,0.39344262295081966,0.0,284.78688524590166,0.7213114754098361,34.950819672131146,0.06557377049180328,0.26229508196721313,0.06557377049180328,304.9836065573771,0.45901639344262296,149.70491803278688,0.06557377049180328,0.06557377049180328,0.0,366.55737704918033,0.7868852459016393,156.98360655737704,0.0,0.19672131147540983,0.06557377049180328,241.9016393442623,0.5245901639344263,0.0,0,0,0,0.32786885245901637,1.0491803278688525,0.13114754098360656,1540.9180327868853,3.1475409836065573,396.39344262295083,0
0.06557377049180328,0.06557377049180328,0.06557377049180328,300.72131147540983,0.9836065573770492,121.04918032786885,0.5245901639344263,0.06557377049180328,0.06557377049180328,448.9836065573771,1.180327868852459,0.0,0.26229508196721313,0.13114754098360656,0.19672131147540983,379.73770491803276,0.9180327868852459,246.36065573770492,0.13114754098360656,0.0,0.26229508196721313,437.8360655737705,0.5245901639344263,296.655737704918,0.06557377049180328,0.06557377049180328,0.39344262295081966,276.91803278688525,1.180327868852459,40.131147540983605,0,2,0,1.0491803278688525,0.32786885245901637,0.9836065573770492,1844.1967213114754,4.786885245901639,704.1967213114754,1
0.20477815699658702,0.40955631399317405,0.30716723549488056,350.6484641638225,0.5802047781569966,201.67235494880546,0.37542662116040953,0.20477815699658702,0.37542662116040953,448.0546075085324,0.5460750853242321,0.0,0.23890784982935154,0.37542662116040953,0.27303754266211605,351.67235494880543,0.5802047781569966,186.27986348122866,0.13651877133105803,0.4778156996587031,0.5119453924914675,403.7201365187713,0.9556313993174061,165.83617747440272,0.1706484641638225,0.37542662116040953,0.13651877133105803,328.2935153583618,1.36518771331058,148.5665529010239,0,0,0,1.1262798634812285,1.8430034129692832,1.6040955631399316,1882.3890784982934,4.027303754266211,702.3549488054607,0
0.034129692832764506,0.20477815699658702,0.7167235494880546,342.6962457337884,0.6143344709897611,223.95904436860067,0.44368600682593856,0.27303754266211605,0.30716723549488056,431.29692832764505,0.7849829351535836,50.61433447098976,0.37542662116040953,0.1706484641638225,0.23890784982935154,430.9215017064846,0.4778156996587031,328.15699658703073,0.5460750853242321,0.341296928327645,0.40955631399317405,523.5153583617747,0.6484641638225256,510.8532423208191,0.44368600682593856,0.13651877133105803,0.6484641638225256,431.29692832764505,2.4914675767918086,55.22184300341297,0,4,1,1.8430034129692832,1.1262798634812285,2.3208191126279862,2159.726962457338,5.017064846416382,1168.8054607508532,1
0.06543075245365322,0.3271537622682661,0.13086150490730644,315.6379498364231,0.8505997818974919,287.3064340239913,0.13086150490730644,0.19629225736095965,0.06543075245365322,344.42748091603056,0.916030534351145,0.0,0.0,0.3925845147219193,0.0,234.11123227917122,0.4580152671755725,60.19629225736096,0.0,0.2617230098146129,0.06543075245365322,257.27371864776444,0.5888767720828789,57.97164667393675,0.06543075245365322,0.0,0.0,244.0567066521265,1.3740458015267176,19.629225736095965,0,0,0,0.2617230098146129,1.1777535441657578,0.2617230098146129,1395.507088331516,4.187568157033806,425.10359869138495,0
0.5888767720828789,0.19629225736095965,0.06543075245365322,479.4765539803708,0.19629225736095965,307.1973827699019,0.06543075245365322,0.0,0.13086150490730644,323.4896401308615,0.9814612868047983,88.2660850599782,0.3271537622682661,0.0,0.13086150490730644,406.91384950926937,0.7851690294438386,309.4220283533261,0.06543075245365322,0.06543075245365322,0.2617230098146129,332.1919302071974,0.3271537622682661,416.85932388222466,0.13086150490730644,0.0,0.2617230098146129,318.7786259541985,2.02835332606325,13.02071973827699,0,2,0,1.1777535441657578,0.2617230098146129,0.8505997818974919,1860.8505997818975,4.318429661941113,1134.7655398037077,1
0.2945990180032733,0.1718494271685761,0.049099836333878884,421.7430441898527,0.8101472995090017,365.57283142389525,0.24549918166939444,0.19639934533551553,0.27004909983633385,428.4206219312602,0.8837970540098199,89.45990180032733,0.024549918166939442,0.44189852700490995,0.22094926350245497,254.04255319148936,0.44189852700490995,95.89198036006546,0.14729950900163666,0.39279869067103107,0.27004909983633385,324.54991816693945,0.8346972176759411,117.76595744680851,0.19639934533551553,0.19639934533551553,0.36824877250409166,336.11292962356794,1.0801963993453354,0.0,0,3,1,0.9083469721767594,1.3993453355155483,1.1783960720130933,1764.8690671031097,4.050736497545008,668.6906710310966,0
0.24549918166939444,0.2945990180032733,0.09819967266775777,366.7266775777414,0.7364975450081833,344.28805237315873,0.24549918166939444,0.12274959083469722,0.44189852700490995,355.8510638297872,1.7675941080196398,47.38134206219313,0.39279869067103107,0.049099836333878884,0.39279869067103107,393.9034369885434,1.3011456628477904,193.64975450081832,0.1718494271685761,0.2945990180032733,0.4664484451718494,456.088379705401,0.8592471358428805,242.47954173486087,0.3436988543371522,0.14729950900163666,0.5646481178396072,390.6628477905073,2.4058919803600656,125.67103109656301,0,3,0,1.3993453355155483,0.9083469721767594,1.9639934533551555,1963.2324058919803,7.070376432078559,953.4697217675941,1
0.10050251256281406,0.40201005025125625,0.20100502512562812,282.5795644891122,1.0385259631490786,208.77721943048576,0.06700167504187604,0.26800670016750416,0.3685092127303182,322.71356783919595,1.0720268006700167,32.32830820770519,0.3685092127303182,0.1675041876046901,0.10050251256281406,430.4187604690117,0.7370184254606365,175.7788944723618,0.03350083752093802,0.26800670016750416,0.13400335008375208,279.8659966499162,0.43551088777219427,69.17922948073702,0.10050251256281406,0.26800670016750416,0.06700167504187604,288.10720268006696,1.675041876046901,13.768844221105526,0,2,0,0.6700167504187604,1.3735343383584588,0.8710217755443885,1603.685092127303,4.958123953098827,499.8324958123953,0
0.43551088777219427,0.23450586264656614,0.03350083752093802,382.61306532663315,0.3350083752093802,208.54271356783917,0.1675041876046901,0.13400335008375208,0.40201005025125625,358.2579564489112,1.0385259631490786,224.08710217755444,0.20100502512562812,0.23450586264656614,0.23450586264656614,333.60134003350083,0.23450586264656614,322.17755443886097,0.20100502512562812,0.03350083752093802,0.3350083752093802,382.24455611390283,0.9045226130653266,186.9681742043551,0.3685092127303182,0.03350083752093802,0.3350083752093802,387.9396984924623,1.775544388609715,228.24120603015075,0,1,1,1.3735343383584588,0.6700167504187604,1.3400335008375208,1844.6566164154103,4.288107202680067,1170.0167504187605,1
0.10801080108010802,0.05400540054005401,0.10801080108010802,454.7794779477948,0.9720972097209721,538.5418541854185,0.27002700270027,0.0,0.21602160216021604,423.6183618361836,0.8640864086408642,52.11521152115212,0.54005400540054,0.0,0.10801080108010802,481.6201620162016,0.9180918091809182,492.7992799279928,0.0,0.0,0.16201620162016203,364.32043204320433,0.8100810081008101,344.5004500450045,0.16201620162016203,0.10801080108010802,0.16201620162016203,289.6849684968497,1.4041404140414042,127.992799279928,0,2,1,1.08010801080108,0.16201620162016203,0.7560756075607561,2014.023402340234,4.968496849684969,1555.949594959496,1
0.0,0.16201620162016203,0.0,273.3753375337534,0.8100810081008101,0.0,0.10801080108010802,0.16201620162016203,0.0,348.3888388838884,0.8100810081008101,0.0,0.0,0.32403240324032406,0.10801080108010802,260.1980198019802,0.16201620162016203,0.0,0.0,0.16201620162016203,0.0,251.61116111611162,0.7560756075607561,26.462646264626464,0.05400540054005401,0.27002700270027,0.0,239.51395139513951,1.2421242124212422,4.86048604860486,0,0,0,0.16201620162016203,1.08010801080108,0.10801080108010802,1373.0873087308732,3.780378037803781,31.323132313231326,0
0.0,0.096,0.048,264.144,0.28800000000000003,38.832,0.0,0.096,0.048,229.488,0.43200000000000005,0.0,0.14400000000000002,0.048,0.0,350.59200000000004,0.672,95.13600000000001,0.096,0.28800000000000003,0.096,336.192,0.768,10.32,0.048,0.28800000000000003,0.096,250.32000000000002,0.672,27.312,0,0,0,0.28800000000000003,0.8160000000000001,0.28800000000000003,1430.736,2.8320000000000003,171.60000000000002,0
0.0,0.0,0.14400000000000002,319.68,1.344,221.71200000000002,0.048,0.048,0.096,403.68,0.8640000000000001,413.28000000000003,0.192,0.048,0.0,389.232,0.43200000000000005,308.016,0.14400000000000002,0.192,0.24000000000000002,394.22400000000005,0.528,167.85600000000002,0.43200000000000005,0.0,0.14400000000000002,448.512,2.208,384.24,0,3,1,0.8160000000000001,0.28800000000000003,0.624,1955.3280000000002,5.376,1495.104,1
0.19469983775013522,0.25959978366684694,0.03244997295835587,386.73877771768525,0.7138994050838291,256.38723634396973,0.12979989183342347,0.19469983775013522,0.19469983775013522,355.4245538128718,1.1681990265008113,26.08977825851812,0.19469983775013522,0.12979989183342347,0.06489994591671173,388.88047593293675,0.38939967550027044,271.37912385073014,0.12979989183342347,0.2920497566252028,0.12979989183342347,429.60519199567335,0.8436992969172525,185.93834505137912,0.0,0.16224986479177933,0.32449972958355866,261.7414818820984,2.3688480259599785,27.452677122769064,0,1,0,0.6489994591671173,1.0383991346673878,0.7463493780421849,1822.3904813412655,5.4840454299621415,767.2471606273662,0
0.19469983775013522,0.09734991887506761,0.16224986479177933,444.98647917793403,0.7787993510005409,253.79123850730124,0.09734991887506761,0.09734991887506761,0.25959978366684694,392.67712276906434,0.8761492698756085,9.832341806381828,0.35694970254191455,0.12979989183342347,0.16224986479177933,445.0513791238507,0.8436992969172525,285.49486208761493,0.25959978366684694,0.12979989183342347,0.2920497566252028,440.99513250405624,0.8761492698756085,216.73336938885885,0.12979989183342347,0.19469983775013522,0.38939967550027044,366.0356949702542,2.011898323418064,85.89507842076799,1,4,1,1.0383991346673878,0.6489994591671173,1.2655489453758788,2089.7458085451594,5.3866955110870745,851.7468902109248,1
0.04583651642475172,0.2291825821237586,0.04583651642475172,259.15966386554624,0.6875477463712758,0.0,0.18334606569900688,0.18334606569900688,0.0,401.48204736440033,0.5500381970970206,0.0,0.0,0.32085561497326204,0.0,308.3880825057296,0.5042016806722689,450.4812834224599,0.13750954927425516,0.36669213139801377,0.18334606569900688,341.89457601222307,0.5500381970970206,0.0,0.2291825821237586,0.2291825821237586,0.09167303284950344,392.864782276547,1.3750954927425516,61.00840336134454,0,0,0,0.5958747135217723,1.3292589763177998,0.32085561497326204,1703.7891520244461,3.6669213139801378,511.4896867838044,0
0.32085561497326204,0.09167303284950344,0.04583651642475172,429.5339954163484,1.0084033613445378,444.56837280366693,0.2291825821237586,0.18334606569900688,0.2750190985485103,381.31398013750953,1.1000763941940412,61.650114591291064,0.18334606569900688,0.0,0.2750190985485103,369.9006875477464,0.7792207792207793,233.21619556913674,0.4125286478227655,0.18334606569900688,0.2291825821237586,503.5141329258976,0.2291825821237586,221.61955691367456,0.18334606569900688,0.13750954927425516,0.6417112299465241,362.0626432391138,1.466768525592055,147.08938120702825,0,3,0,1.3292589763177998,0.5958747135217723,1.466768525592055,2046.3254392666158,4.583651642475172,1108.1436210847976,1
0.4593301435406698,0.11483253588516745,0.11483253588516745,602.3540669856459,0.17224880382775118,749.1100478468899,0.28708133971291866,0.057416267942583726,0.057416267942583726,427.4066985645933,0.6889952153110047,173.2248803827751,0.0,0.057416267942583726,0.057416267942583726,292.7655502392344,0.0,329.2248803827751,0.11483253588516745,0.34449760765550236,0.28708133971291866,300.8612440191387,0.17224880382775118,114.6602870813397,0.17224880382775118,0.28708133971291866,0.17224880382775118,326.4114832535885,1.8373205741626792,64.99521531100478,0,1,1,1.033492822966507,0.8612440191387559,0.6889952153110047,1949.7990430622008,2.8708133971291865,1431.2153110047846,1
0.057416267942583726,0.2296650717703349,0.057416267942583726,213.93301435406698,0.4593301435406698,0.0,0.17224880382775118,0.17224880382775118,0.11483253588516745,345.58851674641147,1.033492822966507,0.0,0.11483253588516745,0.17224880382775118,0.0,318.4880382775119,0.4019138755980861,247.3492822966507,0.4019138755980861,0.34449760765550236,0.0,353.6842105263158,0.5741626794258373,187.57894736842104,0.11483253588516745,0.11483253588516745,0.4593301435406698,320.6124401913875,0.9186602870813396,39.90430622009569,0,1,0,0.8612440191387559,1.033492822966507,0.631578947368421,1552.3062200956936,3.38755980861244,474.83253588516743,0
0.3756260434056762,0.17529215358931555,0.05008347245409015,531.6110183639399,1.2771285475792988,623.3889816360602,0.15025041736227046,0.12520868113522537,0.15025041736227046,386.9699499165276,0.8514190317195326,82.26210350584307,0.1001669449081803,0.05008347245409015,0.15025041736227046,366.4357262103506,0.976627712854758,175.41736227045075,0.12520868113522537,0.25041736227045075,0.1001669449081803,333.1051752921536,0.8263772954924875,96.96160267111854,0.025041736227045076,0.27545909849749584,0.25041736227045075,295.4424040066778,3.10517529215359,197.6043405676127,0,4,1,0.7762938230383974,0.8764607679465777,0.7011686143572622,1913.5642737896496,7.036727879799667,1175.6343906510851,0
0.05008347245409015,0.27545909849749584,0.12520868113522537,419.04841402337235,1.001669449081803,195.07512520868116,0.15025041736227046,0.12520868113522537,0.27545909849749584,402.5709515859767,1.302170283806344,74.69949916527547,0.2253756260434057,0.12520868113522537,0.12520868113522537,387.72120200333893,0.8013355592654424,400.4173622704508,0.4507512520868114,0.1001669449081803,0.17529215358931555,510.77629382303843,0.9015025041736228,367.9632721202004,0.0,0.15025041736227046,0.5258764607679466,346.3272120200334,2.3789649415692824,70.89315525876461,1,2,0,0.8764607679465777,0.7762938230383974,1.2270450751252089,2066.4440734557597,6.385642737896495,1109.0484140233723,1
0.3302286198137172,0.20321761219305673,0.15241320914479253,501.922099915326,0.5334462320067739,471.6172734970364,0.43183742591024554,0.17781541066892464,0.17781541066892464,475.40220152413207,0.558848433530906,82.45554614733277,0.279424216765453,0.10160880609652836,0.279424216765453,381.00762066045723,0.8890770533446232,114.00508044030482,0.10160880609652836,0.2286198137171888,0.2540220152413209,358.9839119390347,0.9652836579170194,234.86875529212531,0.02540220152413209,0.10160880609652836,0.6350550381033023,317.37510584250634,2.235393734123624,80.27095681625741,1,4,0,1.168501270110076,0.8128704487722269,1.4987298899237933,2034.6909398814564,5.1820491109229465,983.2176121930568,1
0.15241320914479253,0.2540220152413209,0.17781541066892464,353.70025402201526,0.7874682472480948,140.67739204064353,0.40643522438611346,0.3302286198137172,0.2286198137171888,479.74597798475867,0.6858594411515665,0.2286198137171888,0.10160880609652836,0.15241320914479253,0.15241320914479253,298.22184589331073,0.4572396274343776,155.2328535139712,0.02540220152413209,0.2540220152413209,0.30482641828958507,270.35563082133785,0.5334462320067739,2.8704487722269265,0.12701100762066045,0.20321761219305673,0.2540220152413209,339.93226079593563,1.651143099068586,27.408975444538527,0,2,1,0.8128704487722269,1.1939034716342083,1.117696867061812,1741.9559695173582,4.115156646909399,326.4182895850974,0
0.11684518013631938,0.17526777020447906,0.2044790652385589,272.3953261927945,0.43816942551119764,214.11879259980526,0.4089581304771178,0.2629016553067186,0.23369036027263876,439.8344693281402,0.5258033106134372,116.55306718597858,0.43816942551119764,0.11684518013631938,0.37974683544303794,457.0983446932814,0.9055501460564751,122.24926971762414,0.3505355404089581,0.23369036027263876,0.3213242453748783,472.1421616358325,0.8471275559883155,325.73515092502436,0.11684518013631938,0.05842259006815969,0.6718597857838364,334.81986368062314,2.5413826679649465,87.28334956183058,0,4,0,1.4313534566699124,0.8471275559883155,1.8111002921129502,1976.2901655306719,5.258033106134372,865.9396299902629,1
0.2921129503407984,0.1460564751703992,0.17526777020447906,502.0253164556962,0.6718597857838364,413.1937682570594,0.029211295034079845,0.43816942551119764,0.17526777020447906,341.62609542356375,0.9639727361246349,87.63388510223953,0.2921129503407984,0.3213242453748783,0.05842259006815969,381.35345666991236,0.5842259006815969,134.83933787731254,0.11684518013631938,0.2921129503407984,0.029211295034079845,368.03310613437196,0.934761441090555,148.15968841285297,0.11684518013631938,0.23369036027263876,0.23369036027263876,306.9814995131451,2.132424537487829,31.46056475170399,1,1,1,0.8471275559883155,1.4313534566699124,0.6718597857838364,1900.0194741966893,5.287244401168452,815.2872444011684,0
0.08494572911750825,0.22652194431335534,0.4530438886267107,323.8414346389806,0.2831524303916942,331.260028315243,0.1982067012741859,0.339782916470033,0.36809815950920244,404.964605946201,0.31146767343086357,93.92166116092496,0.08494572911750825,0.22652194431335534,0.1982067012741859,260.6418121755545,0.5379896177442189,100.00943841434638,0.9344030202925907,0.2831524303916942,0.22652194431335534,779.008966493629,0.8494572911750825,290.4011326097215,0.028315243039169418,0.22652194431335534,0.7645115620575742,337.5743275129778,1.0759792354884379,62.54837187352524,0,1,1,1.3308164228409627,1.3025011798017931,2.0103822557810287,2106.0311467673428,3.058046248230297,878.1406323737612,1
0.22652194431335534,0.1982067012741859,0.339782916470033,411.47711184520995,0.679565832940066,482.7465785747994,0.31146767343086357,0.25483718735252475,0.22652194431335534,398.6786219915054,0.9910335063709296,190.58990089664934,0.339782916470033,0.25483718735252475,0.31146767343086357,396.66823973572434,0.8494572911750825,217.51769702689947,0.22652194431335534,0.31146767343086357,0.2831524303916942,356.00755073147707,0.1698914582350165,22.567248702218023,0.1982067012741859,0.31146767343086357,0.7078810759792354,385.8801321378008,2.859839546956111,78.46153846153845,1,4,0,1.3025011798017931,1.3308164228409627,1.8688060405851814,1948.7116564417177,5.549787635677205,991.8829636621047,0
0.0,0.29654036243822074,0.271828665568369,249.11861614497528,0.09884678747940691,194.82701812191104,0.6919275123558484,0.14827018121911037,0.14827018121911037,662.3970345963755,0.9143327841845139,352.2158154859967,0.22240527182866557,0.19769357495881382,0.271828665568369,350.9802306425041,0.6177924217462932,119.13509060955518,0.14827018121911037,0.14827018121911037,0.22240527182866557,345.51894563426686,0.7907742998352553,108.73146622734761,0.3212520593080725,0.19769357495881382,0.37067545304777594,445.4283360790774,1.902800658978583,168.5337726523888,1,2,1,1.3838550247116967,0.9884678747940692,1.28500823723229,2053.4431630971994,4.324546952224052,943.4431630971993,1
0.46952224052718283,0.22240527182866557,0.024711696869851727,506.169686985173,0.642504118616145,204.88467874794068,0.07413509060955518,0.2471169686985173,0.29654036243822074,342.2817133443163,0.7166392092257001,55.7001647446458,0.29654036243822074,0.3459637561779242,0.12355848434925865,342.6276771004942,0.642504118616145,228.0642504118616,0.12355848434925865,0.3212520593080725,0.3212520593080725,370.7990115321252,0.4200988467874794,243.3113673805601,0.024711696869851727,0.2471169686985173,0.3459637561779242,308.0807248764415,0.8896210873146623,76.40856672158155,0,4,0,0.9884678747940692,1.3838550247116967,1.1120263591433277,1869.9588138385502,3.3113673805601316,808.3690280065897,0
0.3978779840848806,0.03978779840848806,0.07957559681697612,449.920424403183,0.8355437665782494,435.7559681697613,0.3978779840848806,0.03978779840848806,0.27851458885941643,447.0159151193634,1.1140583554376657,131.85676392572944,0.27851458885941643,0.07957559681697612,0.2387267904509284,370.90185676392576,0.3183023872679045,227.0291777188329,0.15915119363395225,0.03978779840848806,0.35809018567639256,450.43766578249335,0.5570291777188329,300.9549071618037,0.1193633952254642,0.03978779840848806,0.3183023872679045,331.6710875331565,1.6312997347480107,263.2758620689655,1,3,1,1.3527851458885942,0.2387267904509284,1.273209549071618,2049.946949602122,4.456233421750663,1358.8726790450928,1
0.0,0.27851458885941643,0.03978779840848806,267.2944297082228,0.9151193633952255,263.3554376657825,0.1193633952254642,0.3183023872679045,0.0,357.2148541114058,1.153846153846154,0.0,0.07957559681697612,0.27851458885941643,0.03978779840848806,352.9973474801061,0.35809018567639256,157.08222811671087,0.03978779840848806,0.27851458885941643,0.0,315.6763925729443,0.596816976127321,95.09283819628648,0.0,0.1989389920424403,0.07957559681697612,258.81962864721487,2.46684350132626,0.0,0,1,0,0.2387267904509284,1.3527851458885942,0.15915119363395225,1552.002652519894,5.4907161803713525,515.5305039787798,0
0.04573170731707317,0.36585365853658536,0.09146341463414634,286.4176829268293,0.6402439024390244,0.0,0.0,0.3201219512195122,0.13719512195121952,297.6676829268293,1.0518292682926829,104.54268292682927,0.0,0.22865853658536586,0.0,262.8201219512195,0.0,43.948170731707314,0.22865853658536586,0.3201219512195122,0.09146341463414634,456.6768292682927,0.3201219512195122,113.14024390243902,0.09146341463414634,0.13719512195121952,0.22865853658536586,293.8719512195122,0.4115853658536585,152.65243902439025,0,1,1,0.36585365853658536,1.371951219512195,0.5487804878048781,1597.4542682926829,2.423780487804878,414.2835365853658,0
0.4115853658536585,0.04573170731707317,0.0,422.9725609756097,0.8689024390243902,492.8963414634146,0.22865853658536586,0.09146341463414634,0.22865853658536586,385.5640243902439,1.0518292682926829,75.73170731707317,0.13719512195121952,0.0,0.09146341463414634,344.2682926829268,0.4573170731707317,227.10365853658536,0.5030487804878049,0.13719512195121952,0.09146341463414634,450.8689024390244,0.5030487804878049,40.609756097560975,0.09146341463414634,0.09146341463414634,0.4115853658536585,345.1371951219512,0.5030487804878049,121.96646341463415,0,2,0,1.371951219512195,0.36585365853658536,0.823170731707317,1948.810975609756,3.3841463414634148,958.3079268292682,1
0.4377104377104377,0.10101010101010101,0.40404040404040403,516.5319865319865,0.7744107744107744,310.06734006734007,0.5723905723905724,0.10101010101010101,0.20202020202020202,521.6498316498316,1.3131313131313131,355.5892255892256,0.13468013468013468,0.10101010101010101,0.4377104377104377,373.77104377104376,0.7744107744107744,164.44444444444446,0.10101010101010101,0.2356902356902357,0.13468013468013468,338.82154882154884,0.7744107744107744,214.27609427609428,0.0,0.16835016835016836,0.26936026936026936,230.40404040404042,0.6060606060606061,63.26599326599327,0,1,0,1.245791245791246,0.7070707070707071,1.4478114478114479,1981.1784511784513,4.242424242424242,1107.6430976430977,1
0.20202020202020202,0.30303030303030304,0.0,354.3771043771044,0.7407407407407408,100.70707070707071,0.20202020202020202,0.26936026936026936,0.10101010101010101,425.5218855218855,0.26936026936026936,220.9090909090909,0.06734006734006734,0.10101010101010101,0.13468013468013468,340.4713804713805,0.8080808080808081,116.4983164983165,0.16835016835016836,0.3367003367003367,0.10101010101010101,337.00336700336703,0.6397306397306397,223.87205387205387,0.06734006734006734,0.2356902356902357,0.30303030303030304,280.90909090909093,1.8518518518518519,107.74410774410775,0,3,0,0.7070707070707071,1.245791245791246,0.6397306397306397,1738.2828282828284,4.30976430976431,769.7306397306397,0
0.0,0.19344438473938744,0.4191295002686728,285.16926383664696,0.09672219236969372,112.93927995701236,0.32240730789897903,0.12896292315959162,0.4836109618484686,490.6716818914562,0.8060182697474476,213.36915636754435,0.5158516926383665,0.12896292315959162,0.19344438473938744,441.56904889844174,0.22568511552928533,85.21225147770016,0.19344438473938744,0.25792584631918325,0.19344438473938744,394.59430413756047,0.7092960773777539,210.75765717356262,0.09672219236969372,0.22568511552928533,0.5158516926383665,304.44922084900594,1.6442772702847932,130.6394411606663,0,2,1,1.1284255776464267,0.9349811929070393,1.8054809242342826,1916.4535196131112,3.481998925308974,752.9177861364858,1
0.22568511552928533,0.16120365394948952,0.06448146157979581,371.2197743148845,0.677055346587856,203.1166039763568,0.22568511552928533,0.32240730789897903,0.29016657710908117,375.2176249328318,0.6448146157979581,57.13057495969909,0.12896292315959162,0.09672219236969372,0.32240730789897903,344.20204191295005,1.3218699623858141,130.15583019881785,0.06448146157979581,0.29016657710908117,0.4836109618484686,343.00913487372384,0.3868887694787749,85.66362170875874,0.29016657710908117,0.25792584631918325,0.4191295002686728,396.8511552928533,1.740999462654487,234.32563138097797,0,2,0,0.9349811929070393,1.1284255776464267,1.5797958087049973,1830.4997313272436,4.77162815690489,710.3922622246105,0
0.3466538276360135,0.23110255175734232,0.23110255175734232,385.652383245065,0.7221954742416947,288.2715454983149,0.05777563793933558,0.2888781896966779,0.3177660086663457,270.5633124699085,0.08666345690900337,42.98507462686567,0.3755416466056813,0.02888781896966779,0.23110255175734232,438.95040924410205,0.7799711121810303,375.54164660568125,0.08666345690900337,0.23110255175734232,0.08666345690900337,336.5142031776601,0.3755416466056813,81.29032258064517,0.0,0.17332691381800674,0.49109292248435243,273.16321617717864,1.4732787674530572,124.67982667308618,1,1,0,0.8666345690900337,0.953298025999037,1.3577274915743862,1704.8435243139143,3.437650457390467,912.7684159845932,0
0.17332691381800674,0.17332691381800674,0.23110255175734232,331.54549831487725,0.548868560423688,176.8512277323062,0.17332691381800674,0.20221473278767452,0.40442946557534903,329.4366875300915,0.5777563793933558,360.11555127587866,0.02888781896966779,0.2888781896966779,0.17332691381800674,254.47279730380356,0.9821858449687049,148.3389504092441,0.5199807414540202,0.11555127587867116,0.2599903707270101,547.8863745787193,0.08666345690900337,95.76311988444873,0.05777563793933558,0.11555127587867116,0.6066441983630236,287.66490129995185,3.2065479056331245,15.108329321136255,1,4,1,0.953298025999037,0.8955223880597015,1.6754935002407318,1751.0062590274433,5.402022147327877,796.1771786230139,1
0.36960985626283366,0.18480492813141683,0.30800821355236135,510.523613963039,0.9856262833675564,412.23819301848044,0.3388090349075975,0.18480492813141683,0.2464065708418891,433.36755646817244,0.8008213552361396,47.587268993839835,0.21560574948665295,0.061601642710472276,0.30800821355236135,393.29568788501024,0.7392197125256673,367.9466119096509,0.2464065708418891,0.12320328542094455,0.2464065708418891,394.2197125256673,0.9240246406570841,296.55030800821356,0.15400410677618068,0.09240246406570841,0.5852156057494866,344.8151950718686,0.677618069815195,112.6694045174538,1,1,0,1.3244353182751538,0.6468172484599589,1.6940451745379876,2076.2217659137577,4.1273100616016425,1236.9917864476386,1
0.12320328542094455,0.21560574948665295,0.12320328542094455,329.3223819301848,0.4004106776180698,177.50513347022587,0.15400410677618068,0.27720739219712526,0.21560574948665295,387.9671457905544,0.46201232032854206,96.68377823408623,0.2464065708418891,0.27720739219712526,0.0,388.6139630390144,0.18480492813141683,138.4188911704312,0.12320328542094455,0.3388090349075975,0.21560574948665295,343.70636550308006,0.7392197125256673,101.88911704312115,0.0,0.21560574948665295,0.3388090349075975,261.8377823408624,1.4784394250513346,49.312114989733054,0,4,1,0.6468172484599589,1.3244353182751538,0.893223819301848,1711.447638603696,3.2648870636550305,563.8090349075975,0
0.1744186046511628,0.0436046511627907,0.2180232558139535,463.77906976744185,0.6540697674418604,571.7877906976744,0.0872093023255814,0.1308139534883721,0.5668604651162791,398.8081395348837,0.5668604651162791,149.30232558139534,0.39244186046511625,0.1308139534883721,0.2180232558139535,388.6918604651163,0.5232558139534884,531.1482558139535,0.872093023255814,0.0436046511627907,0.2616279069767442,572.0058139534883,0.5232558139534884,417.42732558139534,0.1308139534883721,0.2180232558139535,0.6976744186046512,318.9244186046512,0.7848837209302325,58.29941860465116,0,3,1,1.6569767441860466,0.5668604651162791,1.9622093023255813,2142.2093023255816,3.052325581395349,1727.9651162790697,1
0.0,0.30523255813953487,0.0436046511627907,256.1337209302325,0.5668604651162791,38.32848837209302,0.1744186046511628,0.1744186046511628,0.2616279069767442,377.3982558139535,1.0465116279069768,26.29360465116279,0.1308139534883721,0.1744186046511628,0.1744186046511628,348.2267441860465,0.7848837209302325,48.79360465116279,0.1744186046511628,0.5232558139534884,0.1308139534883721,315.4360465116279,0.5232558139534884,33.18313953488372,0.0436046511627907,0.4796511627906977,0.2616279069767442,247.71802325581396,1.6569767441860466,3.75,0,0,0,0.5232558139534884,1.6569767441860466,0.872093023255814,1544.9127906976744,4.578488372093023,150.34883720930233,0
0.18730489073881373,0.37460978147762747,0.0,301.74817898022894,0.5619146722164412,216.4620187304891,0.0,0.12486992715920917,0.06243496357960458,271.2799167533819,0.6243496357960459,0.0,0.0,0.18730489073881373,0.0,289.8231009365245,0.49947970863683666,101.70655567117586,0.18730489073881373,0.3121748178980229,0.06243496357960458,318.0437044745057,0.8740894901144641,112.57023933402706,0.06243496357960458,0.3121748178980229,0.12486992715920917,278.2726326742976,0.6243496357960459,0.0,0,0,0,0.43704474505723206,1.3111342351716961,0.24973985431841833,1459.1675338189386,3.1841831425598337,430.738813735692,0
0.49947970863683666,0.18730489073881373,0.0,493.92299687825187,0.43704474505723206,424.30801248699277,0.18730489073881373,0.0,0.24973985431841833,397.6482830385016,0.9989594172736733,0.0,0.37460978147762747,0.0,0.06243496357960458,478.1269510926119,0.6867845993756504,580.894901144641,0.18730489073881373,0.18730489073881373,0.18730489073881373,314.9843912591051,0.6867845993756504,45.20291363163372,0.06243496357960458,0.06243496357960458,0.43704474505723206,299.7502601456816,1.3111342351716961,157.83558792924038,0,2,0,1.3111342351716961,0.43704474505723206,0.9365244536940688,1984.4328824141521,4.120707596253903,1208.241415192508,1
0.05305039787798408,0.42440318302387264,0.10610079575596816,313.6870026525199,0.47745358090185674,131.3527851458886,0.10610079575596816,0.2652519893899204,0.15915119363395225,315.27851458885937,1.1671087533156497,0.0,0.3183023872679045,0.10610079575596816,0.05305039787798408,422.9708222811671,0.37135278514588854,210.07957559681697,0.21220159151193632,0.10610079575596816,0.0,405.6763925729443,0.636604774535809,97.29442970822281,0.0,0.21220159151193632,0.15915119363395225,237.8779840848806,0.3183023872679045,14.69496021220159,0,1,1,0.689655172413793,1.1140583554376657,0.47745358090185674,1695.4907161803712,2.9708222811671083,453.42175066312996,0
0.636604774535809,0.05305039787798408,0.21220159151193632,656.3395225464191,0.42440318302387264,1432.1485411140582,0.2652519893899204,0.10610079575596816,0.21220159151193632,407.05570291777184,0.05305039787798408,0.0,0.0,0.3183023872679045,0.05305039787798408,283.8726790450928,0.2652519893899204,122.70557029177718,0.21220159151193632,0.10610079575596816,0.2652519893899204,422.44031830238725,0.7427055702917771,406.31299734748006,0.0,0.10610079575596816,0.3183023872679045,302.6525198938992,0.9549071618037135,70.02652519893898,0,2,0,1.1140583554376657,0.689655172413793,1.0610079575596816,2072.36074270557,2.4403183023872677,2031.1936339522545,1
0.0,0.09486166007905139,0.0,318.59288537549406,0.7114624505928854,145.4703557312253,0.0,0.2845849802371542,0.0,244.4110671936759,1.090909090909091,0.0,0.047430830039525695,0.18972332015810278,0.0,276.9486166007905,0.5691699604743083,97.51778656126483,0.1422924901185771,0.23715415019762848,0.0,287.85770750988144,0.0,0.0,0.0,0.18972332015810278,0.1422924901185771,243.8418972332016,0.6640316205533597,38.940711462450594,0,0,0,0.18972332015810278,0.9960474308300395,0.1422924901185771,1371.6521739130435,3.0355731225296445,281.92885375494075,0
0.23715415019762848,0.047430830039525695,0.09486166007905139,422.89328063241106,0.8537549407114625,357.8656126482214,0.1422924901185771,0.09486166007905139,0.33201581027667987,364.600790513834,0.42687747035573126,21.24901185770751,0.1422924901185771,0.0,0.23715415019762848,379.3517786561265,0.7114624505928854,670.4822134387352,0.37944664031620556,0.047430830039525695,0.18972332015810278,459.9841897233202,0.6640316205533597,496.98023715415025,0.09486166007905139,0.047430830039525695,0.5217391304347826,338.27667984189725,1.3754940711462451,272.0158102766799,0,3,1,0.9960474308300395,0.23715415019762848,1.3754940711462451,1965.106719367589,4.031620553359684,1818.5928853754942,1
0.0,0.31347962382445144,0.0,191.22257053291537,0.0,45.01567398119123,0.12539184952978058,0.25078369905956116,0.06269592476489029,310.4075235109718,0.6896551724137931,0.0,0.0,0.12539184952978058,0.18808777429467086,289.717868338558,0.5642633228840126,206.5830721003135,0.0,0.3761755485893417,0.12539184952978058,195.423197492163,0.438871473354232,34.1692789968652,0.06269592476489029,0.25078369905956116,0.06269592476489029,326.5203761755486,1.3793103448275863,29.341692789968654,0,0,0,0.18808777429467086,1.316614420062696,0.438871473354232,1313.2915360501568,3.072100313479624,315.1097178683386,0
0.438871473354232,0.06269592476489029,0.12539184952978058,444.6394984326019,0.6896551724137931,345.2037617554859,0.12539184952978058,0.12539184952978058,0.25078369905956116,350.282131661442,0.877742946708464,0.0,0.0,0.0,0.18808777429467086,302.44514106583074,0.6896551724137931,77.55485893416929,0.7523510971786834,0.0,0.0,514.4200626959248,0.8150470219435737,351.22257053291537,0.0,0.0,0.6269592476489029,301.44200626959247,0.877742946708464,90.09404388714734,0,2,0,1.316614420062696,0.18808777429467086,1.1912225705329154,1913.228840125392,3.949843260188088,864.0752351097179,1
0.029225523623964928,0.08767657087189479,0.17535314174378958,331.50511446663415,0.26302971261568436,289.12810521188504,0.14612761811982464,0.11690209449585971,0.2922552362396493,399.8051631758402,0.5260594252313687,182.95177788602044,0.17535314174378958,0.2045786653677545,0.14612761811982464,294.125669751583,0.11690209449585971,171.64150024354603,0.6137359961032635,0.11690209449585971,0.14612761811982464,604.5884072089625,0.2922552362396493,391.94349732099363,0.17535314174378958,0.14612761811982464,0.7306380905991232,386.09839259620065,2.805650267900633,71.89478811495373,1,4,1,1.1397954213346322,0.6721870433511934,1.4905017048222113,2016.1227471992206,4.003896736483195,1107.5596687773989,1
0.35070628348757915,0.14612761811982464,0.0,509.8100340964442,0.789089137847053,317.33073550901116,0.029225523623964928,0.2922552362396493,0.08767657087189479,336.38577691183633,1.0228933268387725,54.417924987822694,0.2045786653677545,0.14612761811982464,0.17535314174378958,378.5874330248417,0.9059912323429128,128.76765708718946,0.08767657087189479,0.2922552362396493,0.08767657087189479,320.69167072576715,0.7014125669751583,211.12518265952264,0.0,0.26302971261568436,0.2922552362396493,261.36385776911834,2.104237700925475,66.10813443740867,1,1,0,0.6721870433511934,1.1397954213346322,0.6429615197272284,1806.8387725280077,5.523623964929372,777.7496346809546,0
0.14414414414414414,0.18018018018018017,0.18018018018018017,324.8288288288288,0.7567567567567568,170.84684684684686,0.18018018018018017,0.18018018018018017,0.18018018018018017,336.2522522522523,0.43243243243243246,0.0,0.32432432432432434,0.10810810810810811,0.07207207207207207,402.3783783783784,0.8648648648648649,0.0,0.036036036036036036,0.14414414414414414,0.10810810810810811,295.963963963964,0.6126126126126126,91.92792792792793,0.036036036036036036,0.14414414414414414,0.10810810810810811,283.7117117117117,2.3783783783783785,42.88288288288288,0,2,0,0.7207207207207207,0.7567567567567568,0.6486486486486487,1643.1351351351352,5.045045045045045,305.65765765765764,0
0.14414414414414414,0.10810810810810811,0.21621621621621623,372.5045045045045,0.2882882882882883,259.27927927927925,0.07207207207207207,0.2882882882882883,0.21621621621621623,311.7477477477477,0.8288288288288288,52.288288288288285,0.10810810810810811,0.14414414414414414,0.21621621621621623,282.55855855855856,0.6846846846846847,68.86486486486487,0.36036036036036034,0.10810810810810811,0.21621621621621623,501.54954954954957,0.32432432432432434,155.56756756756758,0.07207207207207207,0.07207207207207207,0.5405405405405406,287.5315315315315,1.837837837837838,70.63063063063063,0,2,1,0.7567567567567568,0.7207207207207207,1.4054054054054055,1755.8918918918919,3.963963963963964,606.6306306306307,1
0.3309929789368104,0.18054162487462386,0.18054162487462386,426.01805416248743,0.5717151454363089,348.05416248746235,0.39117352056168503,0.24072216649949849,0.3610832497492477,472.8986960882648,1.1434302908726177,167.69307923771314,0.27081243731193577,0.06018054162487462,0.42126379137412234,359.1273821464393,0.39117352056168503,67.64292878635908,0.21063189568706117,0.12036108324974924,0.3309929789368104,398.12437311935804,0.7221664994984954,284.6238716148445,0.3610832497492477,0.24072216649949849,0.39117352056168503,361.71514543630894,1.6248746238716147,91.44433299899698,0,3,0,1.5646940822467401,0.8425275827482447,1.6850551654964894,2017.8836509528585,4.453360080240722,959.458375125376,1
0.03009027081243731,0.39117352056168503,0.18054162487462386,288.7763289869609,0.6619859578736208,193.32998996990972,0.24072216649949849,0.42126379137412234,0.24072216649949849,386.20862587763287,0.7823470411233701,20.551654964894684,0.24072216649949849,0.12036108324974924,0.24072216649949849,386.629889669007,0.7823470411233701,130.53159478435305,0.24072216649949849,0.3309929789368104,0.24072216649949849,387.20160481444333,0.7221664994984954,144.19257773319958,0.09027081243731193,0.3009027081243731,0.45135406218655966,321.48445336008024,1.9859578736208625,45.25576730190571,0,1,1,0.8425275827482447,1.5646940822467401,1.354062186559679,1770.3009027081243,4.934804413239719,533.8615847542628,0
0.435097897026831,0.0870195794053662,0.3045685279187817,508.5859318346628,0.8266860043509789,571.6316171138506,0.2610587382160986,0.1305293691080493,0.2610587382160986,418.78172588832484,1.0442349528643944,395.8955765047135,0.3915881073241479,0.1305293691080493,0.2610587382160986,413.7345902828136,0.6091370558375634,349.6881798404641,0.1740391588107324,0.1305293691080493,0.1305293691080493,348.1218274111675,0.5656272661348803,226.0768672951414,0.0870195794053662,0.3045685279187817,0.3045685279187817,297.9115300942712,0.6091370558375634,104.2929659173314,0,2,0,1.3488034807831761,0.7831762146482958,1.26178390137781,1987.1356055112399,3.6548223350253806,1647.585206671501,1
0.0,0.1305293691080493,0.0,162.72661348803481,0.1305293691080493,0.0,0.1305293691080493,0.47860768672951415,0.0435097897026831,333.58955765047136,0.9137055837563451,96.98332124728063,0.0,0.3480783176214648,0.0435097897026831,215.89557650471355,0.0,32.762871646120374,0.3480783176214648,0.1305293691080493,0.3045685279187817,506.58448150833937,0.435097897026831,262.7121102248006,0.3045685279187817,0.2610587382160986,0.2175489485134155,389.3691080493111,1.0442349528643944,79.10079767947788,0,1,1,0.7831762146482958,1.3488034807831761,0.6091370558375634,1608.1653372008702,2.52356780275562,471.55910079767943,0
0.2161188653759568,0.29716343989194055,0.32417829806393517,289.7343538946421,0.1080594326879784,59.40567312021612,0.16208914903196758,0.135074290859973,0.6483565961278703,350.7339036470059,0.540297163439892,0.0,0.270148581719946,0.24313372354795137,0.24313372354795137,418.5952273750563,0.24313372354795137,377.64070238631246,0.37820801440792434,0.135074290859973,0.40522287257991896,407.92435839711845,0.16208914903196758,127.61819000450248,0.270148581719946,0.135074290859973,0.40522287257991896,339.71184151283205,2.7014858171994596,1.1076091850517784,1,3,0,1.2967131922557407,0.9455200360198109,2.026114362899595,1806.6996848266547,3.755065285907249,565.7721746960829,1
0.3511931562359298,0.270148581719946,0.18910400720396217,370.23863124718594,0.270148581719946,228.19450697883838,0.270148581719946,0.270148581719946,0.270148581719946,446.7447095902747,1.0535794687077893,147.12291760468258,0.0,0.29716343989194055,0.32417829806393517,278.0099054479964,0.6213417379558758,262.36830256641156,0.24313372354795137,0.135074290859973,0.16208914903196758,405.4930211616389,0.7564160288158487,101.41377757766772,0.08104457451598379,0.3511931562359298,0.2161188653759568,250.02251238181,0.0,37.36154885186853,0,2,0,0.9455200360198109,1.3237280504277353,1.1616389013957678,1750.508779828906,2.7014858171994596,776.4610535794687,0
0.11834319526627218,0.15779092702169625,0.0,281.1834319526627,0.6706114398422091,143.7869822485207,0.3155818540433925,0.2761341222879684,0.1972386587771203,492.7416173570019,1.222879684418146,0.0,0.15779092702169625,0.35502958579881655,0.07889546351084813,293.4516765285996,0.7495069033530571,50.69033530571992,0.03944773175542406,0.2761341222879684,0.11834319526627218,295.7396449704142,0.11834319526627218,209.30966469428006,0.0,0.15779092702169625,0.15779092702169625,238.65877712031556,1.8145956607495068,83.47140039447731,0,1,0,0.631163708086785,1.222879684418146,0.5522682445759368,1601.775147928994,4.575936883629191,487.258382642998,0
0.3155818540433925,0.1972386587771203,0.11834319526627218,475.818540433925,0.1972386587771203,632.3471400394477,0.15779092702169625,0.11834319526627218,0.2761341222879684,348.0473372781065,0.8678500986193294,14.47731755424063,0.4339250493096647,0.07889546351084813,0.3155818540433925,453.68836291913215,0.11834319526627218,288.63905325443784,0.23668639053254437,0.11834319526627218,0.11834319526627218,431.4792899408284,0.7100591715976331,291.7554240631164,0.07889546351084813,0.11834319526627218,0.2761341222879684,293.57001972386587,0.8284023668639052,138.77712031558184,0,2,0,1.222879684418146,0.631163708086785,1.1045364891518736,2002.603550295858,2.72189349112426,1365.9960552268244,1
0.0,0.42042042042042044,0.0,202.7027027027027,0.5405405405405406,0.0,0.060060060060060066,0.24024024024024027,0.060060060060060066,266.06606606606607,0.3003003003003003,0.0,0.3003003003003003,0.1801801801801802,0.0,341.8618618618619,0.5405405405405406,46.00600600600601,0.12012012012012013,0.0,0.060060060060060066,337.7777777777778,0.3603603603603604,123.36336336336338,0.0,0.0,0.1801801801801802,257.8978978978979,1.3813813813813816,149.1891891891892,0,1,0,0.48048048048048053,0.8408408408408409,0.3003003003003003,1406.3063063063064,3.1231231231231233,318.55855855855856,0
0.6006006006006006,0.0,0.0,473.57357357357364,0.7207207207207208,395.015015015015,0.1801801801801802,0.060060060060060066,0.0,362.52252252252254,0.6006006006006006,0.0,0.060060060060060066,0.24024024024024027,0.0,333.933933933934,0.060060060060060066,188.40840840840843,0.0,0.060060060060060066,0.0,226.0660660660661,0.3603603603603604,49.12912912912913,0.0,0.12012012012012013,0.0,236.5765765765766,0.6606606606606608,0.0,0,1,1,0.8408408408408409,0.48048048048048053,0.0,1632.672672672673,2.4024024024024024,632.5525525525526,1
0.27993779160186627,0.37325038880248834,0.15552099533437014,384.97667185069986,0.8087091757387248,298.5381026438569,0.06220839813374806,0.34214618973561434,0.37325038880248834,341.99066874027994,0.7465007776049767,0.0,0.15552099533437014,0.18662519440124417,0.2177293934681182,383.29704510108866,0.6842923794712287,199.44012441679627,0.27993779160186627,0.27993779160186627,0.15552099533437014,434.61897356143083,0.8087091757387248,140.31104199066874,0.12441679626749612,0.24883359253499224,0.37325038880248834,309.3623639191291,0.6842923794712287,31.601866251944013,0,2,0,0.9020217729393468,1.4307931570762054,1.2752721617418352,1854.2457231726285,3.7325038880248833,669.891135303266,0
0.3110419906687403,0.24883359253499224,0.18662519440124417,418.2270606531882,0.4043545878693624,280.1244167962675,0.24883359253499224,0.2177293934681182,0.5909797822706065,405.00777604976673,1.3685847589424573,84.72783825816485,0.4043545878693624,0.09331259720062209,0.2177293934681182,450.8242612752722,0.7153965785381027,167.18506998444792,0.27993779160186627,0.2177293934681182,0.18662519440124417,454.0590979782271,0.5598755832037325,551.9440124416797,0.15552099533437014,0.12441679626749612,0.6220839813374806,343.07931570762054,0.5909797822706065,53.841368584758946,0,3,1,1.3996889580093312,0.9020217729393468,1.8040435458786936,2071.1975116640747,3.6391912908242614,1137.822706065319,1
0.3163444639718805,0.1054481546572935,0.1054481546572935,449.03339191564146,1.0896309314586996,383.4797891036907,0.140597539543058,0.140597539543058,0.281195079086116,362.17926186291743,0.913884007029877,0.0,0.1054481546572935,0.1757469244288225,0.3163444639718805,346.2917398945519,0.632688927943761,181.65202108963095,0.3163444639718805,0.070298769771529,0.1757469244288225,386.99472759226717,0.984182776801406,290.8611599297012,0.140597539543058,0.070298769771529,0.4569420035149385,340.2811950790861,2.10896309314587,110.50966608084359,0,4,1,1.0193321616871704,0.562390158172232,1.335676625659051,1884.780316344464,5.729349736379613,966.5026362038665,1
0.070298769771529,0.140597539543058,0.1054481546572935,307.5571177504394,1.195079086115993,308.7873462214411,0.140597539543058,0.210896309314587,0.3163444639718805,347.69771528998245,1.054481546572935,0.0,0.1054481546572935,0.070298769771529,0.281195079086116,326.3620386643234,0.843585237258348,220.63268892794378,0.140597539543058,0.3163444639718805,0.070298769771529,316.5202108963093,0.7381370826010545,148.29525483304042,0.070298769771529,0.281195079086116,0.140597539543058,302.2144112478032,0.984182776801406,152.82952548330405,0,0,0,0.5272407732864675,1.0193321616871704,0.913884007029877,1600.3514938488577,4.815465729349737,830.5448154657294,0
0.09135896459840122,0.22839741149600307,0.13703844689760183,358.1043014845832,0.5709935287400076,129.68405024743055,0.13703844689760183,0.34259611724400457,0.20555767034640274,334.9448039588885,0.7765511990864103,0.0,0.15987818804720214,0.09135896459840122,0.27407689379520367,379.52797868290827,0.3654358583936049,172.2801674914351,0.11419870574800153,0.22839741149600307,0.22839741149600307,327.5675675675676,0.27407689379520367,33.094784925770846,0.3882755995432052,0.06851922344880092,0.43395508184240583,448.8922725542444,2.169775409212029,273.5972592310621,0,4,0,0.890749904834412,0.9592691282832129,1.279025504377617,1849.036924248192,4.156832889227256,608.6562618956985,1
0.4111153406928055,0.25123715264560337,0.15987818804720214,513.5287400076132,1.0049486105824135,542.2154548915113,0.18271792919680244,0.29691663494480397,0.15987818804720214,313.65816520746097,1.3018652455272175,79.27674153026265,0.09135896459840122,0.06851922344880092,0.15987818804720214,313.4754472782642,0.6623524933384088,52.87400076132471,0.06851922344880092,0.18271792919680244,0.25123715264560337,264.94099733536353,0.47963456414160643,13.543966501712982,0.20555767034640274,0.09135896459840122,0.15987818804720214,318.4316711077275,2.558051008755234,168.16901408450704,1,3,1,0.9592691282832129,0.890749904834412,0.890749904834412,1724.0350209364294,6.006851922344881,856.0791777693187,0
0.5191059841384282,0.12977649603460706,0.21629416005767843,474.0302811824081,0.6056236481614996,310.59841384282623,0.08651766402307137,0.043258832011535686,0.3893294881038212,406.9790915645278,0.3893294881038212,25.17664023071377,0.3028118240807498,0.043258832011535686,0.12977649603460706,392.31434751261713,0.5191059841384282,125.40735400144196,0.12977649603460706,0.12977649603460706,0.2595529920692141,384.1384282624369,0.692141312184571,106.33020908435472,0.043258832011535686,0.08651766402307137,0.47584715212689255,272.66041816870944,1.9466474405191059,34.65032444124009,0,0,1,1.0814708002883922,0.43258832011535686,1.4708002883922133,1930.1225666906994,4.152847873107426,602.1629416005768,1
0.12977649603460706,0.3460706560922855,0.0,263.1434751261716,0.17303532804614274,5.320836337418889,0.043258832011535686,0.2595529920692141,0.043258832011535686,318.12545061283345,0.6488824801730353,0.9949531362653208,0.0,0.21629416005767843,0.043258832011535686,291.47801009372745,0.5191059841384282,33.0930064888248,0.2595529920692141,0.12977649603460706,0.0,385.52271088680607,0.5191059841384282,21.67267483777938,0.0,0.12977649603460706,0.2595529920692141,244.15284787310742,2.0331651045421775,5.01802451333814,0,2,0,0.43258832011535686,1.0814708002883922,0.3460706560922855,1502.422494592646,3.8932948810382118,66.09949531362653,0
0.0,0.12958963282937364,0.0,227.17062634989202,0.38876889848812096,0.0,0.06479481641468682,0.19438444924406048,0.06479481641468682,321.511879049676,0.12958963282937364,0.0,0.0,0.19438444924406048,0.06479481641468682,260.92872570194385,0.38876889848812096,62.073434125269976,0.12958963282937364,0.32397408207343414,0.06479481641468682,336.9978401727862,0.19438444924406048,0.0,0.0,0.19438444924406048,0.19438444924406048,231.77105831533476,0.19438444924406048,0.0,0,0,0,0.19438444924406048,1.036717062634989,0.38876889848812096,1378.3801295896328,1.2958963282937366,62.073434125269976,0
0.19438444924406048,0.0,0.0,342.11663066954645,0.38876889848812096,82.41900647948164,0.19438444924406048,0.06479481641468682,0.25917926565874727,388.05615550755937,0.6479481641468683,171.51187904967603,0.12958963282937364,0.0,0.19438444924406048,324.4276457883369,0.5183585313174945,92.33261339092873,0.19438444924406048,0.06479481641468682,0.38876889848812096,367.9049676025918,0.25917926565874727,50.92872570194385,0.32397408207343414,0.06479481641468682,0.32397408207343414,388.4449244060475,0.6479481641468683,127.77537796976242,0,2,0,1.036717062634989,0.19438444924406048,1.1663066954643628,1810.950323974082,2.462203023758099,524.9676025917927,1
0.0,0.32573289902280134,0.0,208.14332247557005,0.39087947882736157,11.596091205211726,0.0,0.26058631921824105,0.0,245.73289902280132,0.6514657980456027,0.0,0.0,0.06514657980456026,0.06514657980456026,231.85667752442998,0.5211726384364821,0.0,0.06514657980456026,0.19543973941368079,0.13029315960912052,271.07491856677524,0.19543973941368079,0.0,0.13029315960912052,0.26058631921824105,0.06514657980456026,267.7524429967427,1.498371335504886,0.0,0,0,0,0.19543973941368079,1.1074918566775245,0.26058631921824105,1224.5602605863191,3.257328990228013,11.596091205211726,0
0.5863192182410424,0.0,0.06514657980456026,510.1628664495114,0.45602605863192186,301.43322475570034,0.06514657980456026,0.0,0.06514657980456026,324.88599348534206,0.32573289902280134,0.0,0.06514657980456026,0.06514657980456026,0.0,341.10749185667754,0.0,183.6482084690554,0.19543973941368079,0.06514657980456026,0.26058631921824105,315.17915309446255,0.0,68.53420195439739,0.19543973941368079,0.13029315960912052,0.32573289902280134,317.1335504885994,1.498371335504886,15.439739413680782,0,2,0,1.1074918566775245,0.26058631921824105,0.7166123778501629,1808.469055374593,2.2801302931596092,569.0553745928339,1
0.44198895027624313,0.1841620626151013,0.07366482504604052,397.4217311233886,0.44198895027624313,42.09944751381216,0.1841620626151013,0.14732965009208104,0.2946593001841621,398.93186003683246,0.5524861878453039,202.46777163904235,0.11049723756906078,0.2578268876611418,0.1841620626151013,338.121546961326,1.0313075506445673,79.11602209944752,0.07366482504604052,0.14732965009208104,0.14732965009208104,275.7274401473297,0.33149171270718236,69.42909760589319,0.07366482504604052,0.11049723756906078,0.22099447513812157,273.6279926335175,1.694290976058932,62.65193370165746,1,2,1,0.8839779005524863,0.847145488029466,0.9208103130755065,1683.8305709023941,4.051565377532229,455.7642725598527,1
0.07366482504604052,0.1841620626151013,0.1841620626151013,278.08471454880294,0.14732965009208104,68.13996316758748,0.22099447513812157,0.2946593001841621,0.3683241252302026,364.1988950276243,0.6998158379373849,117.45856353591161,0.33149171270718236,0.1841620626151013,0.2946593001841621,347.77163904235726,0.5156537753222836,124.45672191528546,0.1841620626151013,0.07366482504604052,0.2578268876611418,366.3351749539595,0.5156537753222836,147.95580110497238,0.03683241252302026,0.14732965009208104,0.2946593001841621,232.707182320442,0.03683241252302026,38.15837937384899,0,2,0,0.847145488029466,0.8839779005524863,1.3996316758747698,1589.097605893186,1.9152854511970534,496.1694290976059,0
0.2764976958525346,0.09216589861751152,0.09216589861751152,368.61751152073737,0.5529953917050692,333.778801843318,0.2304147465437788,0.1382488479262673,0.2304147465437788,345.7142857142857,0.2304147465437788,0.0,0.1382488479262673,0.09216589861751152,0.2304147465437788,275.39170506912444,0.2304147465437788,36.22119815668203,0.09216589861751152,0.18433179723502305,0.2304147465437788,313.8709677419355,0.3686635944700461,35.16129032258065,0.18433179723502305,0.1382488479262673,0.5529953917050692,343.1336405529954,0.967741935483871,30.921658986175117,0,2,0,0.9216589861751152,0.6451612903225806,1.336405529953917,1646.7281105990785,2.350230414746544,436.08294930875576,1
0.09216589861751152,0.1382488479262673,0.1382488479262673,292.8571428571429,0.3686635944700461,151.75115207373273,0.1382488479262673,0.18433179723502305,0.2304147465437788,319.7235023041475,0.6912442396313364,0.0,0.2764976958525346,0.18433179723502305,0.09216589861751152,373.5483870967742,0.18433179723502305,0.0,0.04608294930875576,0.2304147465437788,0.1382488479262673,236.8663594470046,0.18433179723502305,18.617511520737327,0.09216589861751152,0.18433179723502305,0.18433179723502305,278.110599078341,1.3824884792626728,8.617511520737327,0,1,0,0.6451612903225806,0.9216589861751152,0.783410138248848,1501.10599078341,2.8110599078341014,178.98617511520737,0
0.1935483870967742,0.0967741935483871,0.0,357.2903225806451,0.04838709677419355,70.83870967741935,0.04838709677419355,0.04838709677419355,0.0967741935483871,308.7096774193548,0.6290322580645161,0.0,0.14516129032258063,0.0,0.04838709677419355,317.758064516129,0.5806451612903225,104.08064516129032,0.04838709677419355,0.24193548387096772,0.04838709677419355,245.66129032258064,0.29032258064516125,94.93548387096773,0.3387096774193548,0.04838709677419355,0.04838709677419355,362.51612903225805,0.3870967741935484,47.90322580645161,0,0,1,0.7741935483870968,0.43548387096774194,0.24193548387096772,1591.9354838709676,1.9354838709677418,317.758064516129,1
0.0967741935483871,0.14516129032258063,0.0,288.38709677419354,0.14516129032258063,8.46774193548387,0.0,0.0967741935483871,0.04838709677419355,259.64516129032256,0.3870967741935484,0.0,0.0967741935483871,0.0967741935483871,0.0,241.16129032258064,0.532258064516129,0.0,0.1935483870967742,0.1935483870967742,0.0967741935483871,284.0806451612903,0.3870967741935484,10.79032258064516,0.04838709677419355,0.24193548387096772,0.1935483870967742,240.87096774193546,0.6774193548387096,23.612903225806452,0,1,0,0.43548387096774194,0.7741935483870968,0.3387096774193548,1314.1451612903224,2.129032258064516,42.87096774193548,0
0.10404624277456648,0.27745664739884396,0.10404624277456648,307.8034682080925,0.5895953757225434,31.803468208092486,0.24277456647398846,0.31213872832369943,0.31213872832369943,405.84971098265896,0.7976878612716763,0.0,0.13872832369942198,0.4855491329479769,0.06936416184971099,261.0520231213873,0.27745664739884396,14.947976878612717,0.10404624277456648,0.3468208092485549,0.13872832369942198,269.89595375722547,0.034682080924855495,102.55491329479769,0.17341040462427745,0.24277456647398846,0.17341040462427745,344.21965317919074,1.6994219653179192,66.17341040462428,0,0,0,0.7630057803468209,1.6647398843930636,0.7976878612716763,1588.820809248555,3.3988439306358385,215.47976878612718,0
0.24277456647398846,0.17341040462427745,0.17341040462427745,456.6589595375723,0.6589595375722543,432.3815028901734,0.5202312138728324,0.24277456647398846,0.38150289017341044,458.0462427745665,0.17341040462427745,26.046242774566476,0.31213872832369943,0.13872832369942198,0.5549132947976879,373.7341040462428,0.3468208092485549,64.3699421965318,0.4161849710982659,0.13872832369942198,0.3468208092485549,466.5433526011561,0.4855491329479769,191.75722543352603,0.17341040462427745,0.10404624277456648,0.7630057803468209,371.4104046242775,2.115606936416185,89.20231213872833,0,4,1,1.6647398843930636,0.7976878612716763,2.2196531791907517,2126.393063583815,3.7803468208092488,803.7572254335261,1
0.13157894736842105,0.34210526315789475,0.2631578947368421,309.4736842105263,0.42105263157894735,114.1842105263158,0.23684210526315788,0.15789473684210525,0.13157894736842105,402.6842105263158,0.7105263157894737,41.94736842105263,0.18421052631578946,0.23684210526315788,0.5526315789473685,413.92105263157896,0.7894736842105263,299.3157894736842,0.7368421052631579,0.23684210526315788,0.18421052631578946,545.6052631578947,0.9736842105263158,24.5,0.2631578947368421,0.13157894736842105,0.5263157894736842,347.10526315789474,1.8157894736842106,28.789473684210527,1,1,0,1.5526315789473684,1.105263157894737,1.6578947368421053,2018.7894736842106,4.7105263157894735,508.7368421052632,0
0.47368421052631576,0.39473684210526316,0.13157894736842105,500.7368421052632,0.5789473684210527,248.73684210526315,0.3157894736842105,0.21052631578947367,0.2631578947368421,430.55263157894734,0.631578947368421,0.0,0.18421052631578946,0.3157894736842105,0.2631578947368421,335.60526315789474,0.7105263157894737,51.55263157894737,0.02631578947368421,0.2894736842105263,0.2894736842105263,246.97368421052633,0.4473684210526316,60.78947368421053,0.10526315789473684,0.34210526315789475,0.23684210526315788,280.2105263157895,1.236842105263158,25.736842105263158,1,4,1,1.105263157894737,1.5526315789473684,1.1842105263157894,1794.078947368421,3.6052631578947367,386.8157894736842,1
0.0,0.271985494106981,0.0,146.8721668177697,0.10879419764279238,0.0,0.0,0.271985494106981,0.10879419764279238,284.8776065276519,0.9791477787851315,0.0,0.10879419764279238,0.05439709882139619,0.0,364.2973708068903,0.43517679057116954,86.98096101541252,0.0,0.3263825929283772,0.05439709882139619,228.7941976427924,0.21758839528558477,114.3427017225748,0.05439709882139619,0.10879419764279238,0.0,256.21033544877605,0.9791477787851315,34.70534904805077,0,0,0,0.1631912964641886,1.0335448776065277,0.1631912964641886,1281.0516772438802,2.71985494106981,236.0290117860381,0
0.48957388939256574,0.0,0.10879419764279238,429.30190389845876,0.543970988213962,235.9746146872167,0.05439709882139619,0.05439709882139619,0.05439709882139619,301.4143245693563,0.48957388939256574,0.0,0.05439709882139619,0.05439709882139619,0.05439709882139619,336.7724388032638,0.48957388939256574,118.91205802357207,0.21758839528558477,0.05439709882139619,0.10879419764279238,318.27742520398914,0.5983680870353582,101.5593834995467,0.21758839528558477,0.0,0.271985494106981,332.14868540344514,1.3055303717135087,138.00543970988215,0,3,0,1.0335448776065277,0.1631912964641886,0.5983680870353582,1717.9147778785132,3.42701722574796,594.4514959202176,1
0.05687203791469195,0.05687203791469195,0.0,286.6350710900474,0.05687203791469195,47.03317535545024,0.1137440758293839,0.3412322274881517,0.1137440758293839,341.97156398104266,0.7962085308056872,0.0,0.1137440758293839,0.05687203791469195,0.0,316.8341232227488,0.4549763033175356,172.26540284360192,0.2843601895734597,0.3412322274881517,0.1137440758293839,339.98104265402844,0.5118483412322276,0.0,0.0,0.3981042654028436,0.3981042654028436,241.93364928909955,0.05687203791469195,0.0,0,0,0,0.5687203791469194,1.194312796208531,0.6255924170616114,1527.3554502369668,1.8767772511848342,219.29857819905214,0
0.17061611374407584,0.05687203791469195,0.17061611374407584,318.08530805687207,0.6255924170616114,123.81042654028437,0.3412322274881517,0.17061611374407584,0.2843601895734597,432.00000000000006,0.6824644549763034,9.383886255924171,0.1137440758293839,0.0,0.2843601895734597,381.1563981042654,0.5118483412322276,76.83412322274881,0.2274881516587678,0.05687203791469195,0.6824644549763034,384.1706161137441,0.3412322274881517,177.61137440758296,0.3412322274881517,0.3412322274881517,0.5118483412322276,394.350710900474,0.5687203791469194,77.11848341232228,0,2,1,1.194312796208531,0.6255924170616114,1.9336492890995263,1909.7630331753555,2.7298578199052135,464.7582938388626,1
0.4104477611940298,0.26119402985074625,0.07462686567164178,403.2462686567164,0.0,166.94029850746267,0.18656716417910446,0.26119402985074625,0.11194029850746269,356.8283582089552,0.5597014925373134,0.0,0.11194029850746269,0.33582089552238803,0.03731343283582089,334.6268656716418,0.18656716417910446,64.77611940298507,0.11194029850746269,0.14925373134328357,0.26119402985074625,313.9925373134328,0.33582089552238803,24.17910447761194,0.11194029850746269,0.22388059701492538,0.26119402985074625,291.7164179104478,1.3059701492537312,12.94776119402985,0,2,0,0.9328358208955224,1.2313432835820894,0.7462686567164178,1700.410447761194,2.388059701492537,268.84328358208955,0
0.22388059701492538,0.33582089552238803,0.07462686567164178,471.0074626865671,0.5223880597014925,542.5,0.07462686567164178,0.18656716417910446,0.14925373134328357,308.05970149253733,0.22388059701492538,0.0,0.5223880597014925,0.07462686567164178,0.03731343283582089,512.276119402985,0.48507462686567165,324.6268656716418,0.33582089552238803,0.22388059701492538,0.14925373134328357,408.5074626865672,0.6716417910447761,113.47014925373134,0.07462686567164178,0.11194029850746269,0.5223880597014925,296.34328358208955,1.4552238805970148,8.171641791044776,0,0,0,1.2313432835820894,0.9328358208955224,0.9328358208955224,1996.1940298507461,3.3582089552238803,988.7686567164179,1
0.20504058094831268,0.10252029047415634,0.589491670226399,514.3699273814609,0.7432721059376335,730.5339598462195,0.4613413071337036,0.25630072618539085,0.41008116189662536,476.5143101238787,0.6407518154634771,0.0,0.05126014523707817,0.25630072618539085,0.3844510892780863,312.45621529261,0.7945322511747117,132.22554463904314,0.20504058094831268,0.28193079880392996,0.4613413071337036,427.7659120034173,0.6407518154634771,9.739427595044853,0.12815036309269542,0.2306706535668518,0.5382315249893208,326.24519436138405,1.5121742844938062,3.306279367791542,1,4,1,1.0508329773601026,1.1277231952157198,2.383596753524135,2057.351559162751,4.331482272533106,875.8052114480992,1
0.05126014523707817,0.33319094404100813,0.12815036309269542,377.50533959846223,0.43571123451516447,171.02947458351133,0.41008116189662536,0.1794105083297736,0.3844510892780863,494.96796240922686,0.8457923964117898,20.27338744126442,0.33319094404100813,0.2306706535668518,0.5126014523707817,497.53096967108075,0.615121742844938,94.83126868859462,0.25630072618539085,0.1537804357112345,0.2306706535668518,456.24092268261427,0.5638615976078599,161.5719777872704,0.07689021785561725,0.1537804357112345,0.615121742844938,297.51388295600174,1.3583938487825715,94.72874839812046,1,2,0,1.1277231952157198,1.0508329773601026,1.8709953011533533,2123.7590773173856,3.818880820162324,542.4348568987613,0
0.06752954417557681,0.16882386043894204,0.10129431626336521,327.8897017445132,0.4727068092290377,97.47889701744514,0.20258863252673043,0.10129431626336521,0.06752954417557681,377.4563871693866,0.8441193021947102,0.0,0.13505908835115363,0.20258863252673043,0.03376477208778841,298.95329206527856,0.6077658975801913,201.17051209904332,0.06752954417557681,0.30388294879009564,0.10129431626336521,329.4766460326393,0.4389420371412493,26.5053460889139,0.06752954417557681,0.20258863252673043,0.06752954417557681,248.98142937535172,1.3843556555993246,8.238604389420372,0,3,1,0.5402363534046145,0.9791783905458638,0.37141249296567247,1582.7574563871694,3.747889701744513,333.39335959482275,0
0.06752954417557681,0.06752954417557681,0.23635340461451884,411.69386606640404,0.30388294879009564,500.6302757456387,0.06752954417557681,0.13505908835115363,0.37141249296567247,378.503095104108,0.6752954417557682,24.006752954417557,0.20258863252673043,0.13505908835115363,0.30388294879009564,352.36916150815983,0.6752954417557682,70.29825548677546,0.5402363534046145,0.06752954417557681,0.10129431626336521,480.9454136184581,0.4727068092290377,300.43894203714126,0.10129431626336521,0.13505908835115363,0.23635340461451884,297.9741136747327,1.3843556555993246,110.03939223410242,1,1,0,0.9791783905458638,0.5402363534046145,1.249296567248171,1921.4856499718626,3.5115362971299944,1005.4136184580753,1
0.44554455445544555,0.1485148514851485,0.297029702970297,399.5049504950495,0.5198019801980198,147.47524752475246,0.07425742574257425,0.07425742574257425,0.594059405940594,357.36386138613864,0.7425742574257426,66.12623762376238,0.48267326732673266,0.2599009900990099,0.48267326732673266,388.10643564356434,0.297029702970297,32.26485148514851,0.5198019801980198,0.44554455445544555,0.22277227722772278,456.68316831683165,0.18564356435643564,357.2524752475247,0.22277227722772278,0.3712871287128713,0.297029702970297,360.8168316831683,1.5222772277227723,180.92821782178217,0,2,1,1.745049504950495,1.2995049504950495,1.8935643564356435,1962.4752475247524,3.267326732673267,784.0470297029702,1
0.2599009900990099,0.3341584158415842,0.07425742574257425,360.8539603960396,0.48267326732673266,105.07425742574257,0.3712871287128713,0.22277227722772278,0.18564356435643564,466.03960396039605,0.6683168316831684,0.0,0.07425742574257425,0.48267326732673266,0.07425742574257425,224.85148514851485,0.3341584158415842,0.0,0.4084158415841584,0.3341584158415842,0.48267326732673266,384.83910891089107,0.297029702970297,13.106435643564357,0.18564356435643564,0.3712871287128713,0.7797029702970297,321.1262376237624,1.8935643564356435,6.3861386138613865,0,1,0,1.2995049504950495,1.745049504950495,1.5965346534653466,1757.710396039604,3.6757425742574257,124.56683168316832,0
0.2796610169491525,0.17796610169491525,0.15254237288135591,468.45762711864404,0.6101694915254237,153.50847457627117,0.4067796610169491,0.2542372881355932,0.22881355932203387,466.2711864406779,0.7627118644067796,0.0,0.3305084745762712,0.20338983050847456,0.17796610169491525,428.64406779661016,0.5084745762711864,171.9915254237288,0.02542372881355932,0.3813559322033898,0.3559322033898305,293.18644067796606,0.6101694915254237,23.08474576271186,0.10169491525423728,0.30508474576271183,0.3305084745762712,300.7118644067796,1.2966101694915253,22.72881355932203,0,3,1,1.1440677966101693,1.3220338983050848,1.2457627118644068,1957.2711864406779,3.7881355932203387,371.3135593220339,0
0.1271186440677966,0.22881355932203387,0.3305084745762712,367.3474576271186,0.2542372881355932,306.6101694915254,0.45762711864406774,0.22881355932203387,0.3305084745762712,520.0169491525423,0.5084745762711864,75.53389830508475,0.15254237288135591,0.15254237288135591,0.2796610169491525,346.6525423728813,0.7372881355932203,126.58474576271186,0.30508474576271183,0.30508474576271183,0.3559322033898305,361.22033898305085,0.3813559322033898,52.72881355932203,0.2796610169491525,0.22881355932203387,0.45762711864406774,337.47457627118644,2.4406779661016946,19.194915254237287,1,3,0,1.3220338983050848,1.1440677966101693,1.7542372881355932,1932.7118644067796,4.322033898305085,580.6525423728813,1
0.18789144050104384,0.06263048016701461,0.0,335.07306889352816,0.4384133611691023,61.06471816283925,0.25052192066805845,0.06263048016701461,0.12526096033402923,420.18789144050106,1.0020876826722338,0.0,0.18789144050104384,0.0,0.12526096033402923,355.80375782881003,0.4384133611691023,62.004175365344466,0.06263048016701461,0.0,0.31315240083507306,332.69311064718164,0.3757828810020877,86.49269311064718,0.25052192066805845,0.18789144050104384,0.18789144050104384,338.517745302714,1.1899791231732777,93.25678496868476,0,2,0,0.9394572025052192,0.31315240083507306,0.7515657620041754,1782.2755741127348,3.4446764091858038,302.81837160751564,1
0.0,0.18789144050104384,0.06263048016701461,245.63674321503132,0.4384133611691023,8.580375782881003,0.18789144050104384,0.12526096033402923,0.12526096033402923,331.3778705636743,0.6889352818371608,0.0,0.0,0.18789144050104384,0.18789144050104384,275.9498956158664,0.31315240083507306,5.69937369519833,0.12526096033402923,0.25052192066805845,0.06263048016701461,243.4446764091858,0.3757828810020877,0.0,0.0,0.18789144050104384,0.12526096033402923,224.5929018789144,1.4405010438413361,0.0,0,0,0,0.31315240083507306,0.9394572025052192,0.5636743215031316,1321.0020876826723,3.25678496868476,14.279749478079331,0
0.4012345679012346,0.154320987654321,0.2777777777777778,516.5123456790124,0.6790123456790124,552.0987654320988,0.2777777777777778,0.1851851851851852,0.5246913580246914,506.45061728395063,0.5246913580246914,96.91358024691358,0.1234567901234568,0.1234567901234568,0.2469135802469136,329.1666666666667,0.2777777777777778,36.08024691358025,0.2160493827160494,0.308641975308642,0.0925925925925926,342.90123456790127,0.154320987654321,151.45061728395063,0.154320987654321,0.2777777777777778,0.308641975308642,297.46913580246917,0.5555555555555556,17.098765432098766,0,4,1,1.1728395061728396,1.0493827160493827,1.4506172839506173,1992.5,2.191358024691358,853.641975308642,1
0.0925925925925926,0.2469135802469136,0.154320987654321,312.28395061728395,0.5246913580246914,160.40123456790124,0.0925925925925926,0.2160493827160494,0.2469135802469136,330.462962962963,0.617283950617284,94.25925925925927,0.4320987654320988,0.2160493827160494,0.1234567901234568,426.7901234567901,0.5246913580246914,32.067901234567906,0.308641975308642,0.1851851851851852,0.4012345679012346,421.17283950617286,0.7098765432098766,48.117283950617285,0.1234567901234568,0.308641975308642,0.308641975308642,292.22222222222223,2.191358024691358,0.0,0,0,0,1.0493827160493827,1.1728395061728396,1.234567901234568,1782.932098765432,4.567901234567901,334.84567901234567,0
0.32119914346895073,0.0,0.06423982869379015,378.69379014989295,0.19271948608137046,0.0,0.06423982869379015,0.1284796573875803,0.32119914346895073,300.44967880085653,0.5139186295503212,0.0,0.3854389721627409,0.0,0.2569593147751606,415.05353319057815,0.32119914346895073,71.82012847965738,0.06423982869379015,0.06423982869379015,0.32119914346895073,272.3126338329765,0.0,0.0,0.19271948608137046,0.0,0.1284796573875803,281.94860813704497,0.5139186295503212,0.0,0,2,0,1.0278372591006424,0.19271948608137046,1.0920770877944326,1648.4582441113491,1.5417558886509637,71.82012847965738,1
0.06423982869379015,0.2569593147751606,0.0,239.55032119914347,0.3854389721627409,0.0,0.0,0.19271948608137046,0.1284796573875803,274.8179871520343,0.7066381156316917,0.0,0.0,0.32119914346895073,0.0,229.72162740899358,0.1284796573875803,63.85438972162741,0.1284796573875803,0.19271948608137046,0.0,268.6509635974304,0.32119914346895073,0.0,0.0,0.06423982869379015,0.1284796573875803,231.71306209850107,1.0278372591006424,6.102783725910064,0,0,0,0.19271948608137046,1.0278372591006424,0.2569593147751606,1244.453961456103,2.569593147751606,69.95717344753747,0
